Part.Number,Change,Page,FedReg_Number,Year
201.51,Revised,"01-2211, 01-9907, 01-18185, 01-20901, 01-29009, 01-35530, 01-45753, 01-49098, 52850, 57848, 65817",66,2001
202,Compliance notification,01-41439,66,2001
202.4,Revised; interim,01-17785,66,2001
202.9,(h) added; interim,01-17785,66,2001
202.17,Added; interim,01-17785,66,2001
202,Supplement I amended; interim,01-17786,66,2001
203,Supplement I amended,01-66295,66,2001
204.9,Revised,01-53078,66,2001
205,Authority citation revised,01-15192,66,2001
205.4,(a) redesignated as (a)(1); (a)(2) added; (c) revised; interim,01-17793,66,2001
205.7,(b)(11) added,01-13412,66,2001
205.16,Added,01-13412,66,2001
205.17,Added; interim,01-17793,66,2001
205,Supplement I and Appendix A amended,01-13412,66,2001
207,Added,01-2092,66,2001
208,Authority citation revised,"01-8634, 01-42933",66,2001
208.3,(d)(1) revised,01-8634,66,2001
208.71--208.77 (Subpart G),Revised,01-42933,66,2001
208.71,(c) revised,01-8749,66,2001
208.77,(e) revised,01-8749,66,2001
208.81--208.86 (Subpart H),Regulation at 65 FR 75841 eff. date delayed,01-15345,66,2001
208.100--208.101 (Subpart I),Regulation at 65 FR 75841 eff. date delayed,01-15345,66,2001
208,Appendix D-2 revised,01-8634,66,2001
211,Authority citation revised,01-8636,66,2001
211.1--211.13 (Subpart A),Revised,01-54374,66,2001
211.5,(h)(2)(ii) revised; (l) added,01-58655,66,2001
211.8,(c)(3)(ii) and (iii) redesignated as (c)(3)(iii) and (iv); new (c)(3)((ii) added,01-58655,66,2001
211.9,Added,01-8636,66,2001
211.20-211.30 (Subpart B),Revised,01-54374,66,2001
211.24,(i) added,01-8636,66,2001
211.31--211.34 (Subpart C),Revised,01-54374,66,2001
213,Compliance notification,01-41439,66,2001
213.3,(a)(5) added; interim,01-17328,66,2001
213.6,Added; interim,01-17328,66,2001
213,Supplement I amended; interim,01-17328,66,2001
220,OTC margin stock lists,"01-11101, 01-44525",66,2001
225,Authority citation amended,"01-414, 01-8636",66,2001
225.1,(c)(9) added,01-414,66,2001
225.2,(r)(2) and (s) revised; (t) added,01-414,66,2001
225.4,(h) added,01-8636,66,2001
225.14,(c)(2)(i) revised,01-415,66,2001
225.23,(c)(2)(i) revised,01-415,66,2001
225.81--225.94 (Subpart I),Revised,01-415,66,2001
225.86,(e) added; interim,01-260,66,2001
225.170--225.177 (Subpart J),Revised,01-8484,66,2001
225,Appendix F added,01-8636,66,2001
226,Compliance notification,01-41439,66,2001
226.1,(b) and (d)(5) revised,01-65617,66,2001
226.5,(a)(5) added; interim,01-17338,66,2001
226.5a,(b)(1)(ii) and (c) revised; (b)(1)(iii) added; interim,01-17338,66,2001
226.5b,(c) redesignated as (c)(1); (c)(1) heading and (2) added; interim,01-17338,66,2001
226.15,(b) introductory text amended; interim,01-17338,66,2001
226.16,(c) revised; interim,01-17338,66,2001
226.17,(a)(3) added; (g) introductory text revised; interim,01-17338,66,2001
226.23,(b)(1) amended; interim,01-17338,66,2001
226.24,(d) revised; interim,01-17338,66,2001
226.27,Revised; interim,01-17339,66,2001
226.31,(b) revised; interim,01-17339,66,2001
226.32,"(a)(1)(i), (b)(1), (c) introductory text, (3) and (d) introductory text revised; (c)(5) and (d)(8) added; (e) removed",01-65617,66,2001
226.34,Added,01-65618,66,2001
226.36 (Subpart F),Added; interim,01-17339,66,2001
226,Supplement I amended; interim,01-17339,66,2001
230,Compliance notification,01-41439,66,2001
230.3,(a) revised; (g) added; interim,01-17802,66,2001
230.4,(a)(1) and (2)(i) revised; interim,01-17802,66,2001
230.6,(c) removed; interim,01-17802,66,2001
230.10,Added; interim,01-17803,66,2001
230,Supplement I amended; interim,01-17803,66,2001
250,Authority citation revised,01-24233,66,2001
250.243,Added,01-24229,66,2001
250.244,Added,01-24299,66,2001
250.245,Added,01-24229,66,2001
250.246,Added,01-24225,66,2001
250.247,Added; interim,01-24233,66,2001
250.248,Added; interim,01-24233,66,2001
261a.13,(b)(9) revised; (c)(11) added,01-19718,66,2001
263,Authority citation revised,01-8637,66,2001
263.302,(a) revised,01-8637,66,2001
265.5,(d)(3) added,01-54397,66,2001
265.6,(f) revised,01-54397,66,2001
265.7,(d)(4) revised; (d)(9) through (14) added,01-54397,66,2001
265.11,(d)(8) and (11) revised; (d)(12) added,01-54398,66,2001
268,Revised; interim,01-7704,66,2001
201,Authority citation revised,02-67785,67,2002
201.1,Revised; eff. 1-9-03,02-67785,67,2002
201.2,Revised; eff. 1-9-03,02-67785,67,2002
201.3,Revised; eff. 1-9-03,02-67785,67,2002
201.4,Revised; eff. 1-9-03,02-67785,67,2002
201.5,Revised; eff. 1-9-03,02-67785,67,2002
201.6,Removed; eff. 1-9-03,02-67787,67,2002
201.7,Removed; eff. 1-9-03,02-67787,67,2002
201.8,Removed; eff. 1-9-03,02-67787,67,2002
201.9,Removed; eff. 1-9-03,02-67787,67,2002
201.51,Revised; eff. 1-9-03,02-67787,67,2002
201.51,Revised,02-69467,67,2002
201.52,Removed; eff. 1-9-03,02-67787,67,2002
203,Revised,02-7236,67,2002
203,Regulation at 67 FR 7236 eff. date delayed to 1-1-04,02-30771,67,2002
203,Technical correction,02-34991,67,2002
203,Supplement I amended,02-79845,67,2002
203.4,(a)(12) revised; (a)(14) added; eff. 1-1-04,02-43223,67,2002
203,Appendix A amended,02-30772,67,2002
204.7,(a)(1) amended; eff. 1-9-03,02-67787,67,2002
204.9,Revised,02-62636,67,2002
208,Appendix A amended,"02-3797, 02-16977",67,2002
208,Appendix B amended,02-3800,67,2002
208,Appendices A and B amended,02-43217,67,2002
208,Appendix A amended; eff. 1-1-04,02-43223,67,2002
208,Appendix B amended; eff. 1-1-04,02-43227,67,2002
"208.7 (b)(2), (3), (4) and (c)(1)",revised; (b)(6) and (7) redesignated as (b)(7) and (8); new (b)(6) added,02-38848,67,2002
208.36,(a) revised; interim,02-57941,67,2002
220,OTC margin stocks lists,"02-8182, 02-53875",67,2002
223,Added; eff. 4-1-03,02-76604,67,2002
225,Appendix A amended,"02-3800, 02-16977",67,2002
225,Appendix D amended,02-3803,67,2002
225,Appendix A corrected,02-34991,67,2002
226.17,(a)(1) footnote 38 amended,02-16982,67,2002
226,Supplement I amended,"02-16982, 02-61769",67,2002
250.160,(b) removed; eff. 4-1-03,02-76622,67,2002
250.240,Removed; eff. 4-1-03,02-76622,67,2002
250.241,Removed; eff. 4-1-03,02-76622,67,2002
250.242,Removed; eff. 4-1-03,02-76622,67,2002
250.243,Removed; eff. 4-1-03,02-76622,67,2002
250.244,Removed; eff. 4-1-03,02-76622,67,2002
250.245,Removed; eff. 4-1-03,02-76622,67,2002
250.246,Removed; eff. 4-1-03,02-76622,67,2002
250.247,Removed; eff. 4-1-03,02-76622,67,2002
250.248,Removed; eff. 4-1-03,02-76622,67,2002
250.250,Removed; eff. 4-1-03,02-76622,67,2002
261a.13,(b)(10) added,02-44526,67,2002
264a,Removed,02-15335,67,2002
201.51,"(a), (b) and (c) Revised","03-1794, 03-41054",68,2003
202,Revised,03-13161,68,2003
202,Appendix B Amended,03-53491,68,2003
203,Supplement I Amended,03-31592,68,2003
203.2,"(c)(2), (e)(1)(ii), (2)(ii) and (j) Revised",03-74830,68,2003
203.4,(a)(9) and (e) Revised,03-74830,68,2003
203.5,"(b)(3)(i), (ii), (c), (e) and (f) Revised",03-74830,68,2003
203,Appendix C Corrected,03-14476,68,2003
203,Appendix A Amended,03-74831,68,2003
204.9,Revised,03-57790,68,2003
206,Authority Citation Revised,03-53283,68,2003
206.1,(a) Amended,03-53283,68,2003
206.2,(f) and (g) Amended,03-53283,68,2003
206.3,(c)(1) Amended,03-53283,68,2003
206.4,(b) Amended,03-53283,68,2003
206.5,"(a) Footnote 1 and (f) Amended; (f)(i), (ii) and (iii) Redesignated as (f)(1), (2) and (3)",03-53283,68,2003
206.7,Removed,03-53283,68,2003
208.36,(a) Revised,03-4096,68,2003
208.63,(b) Revised,03-25111,68,2003
208,Appendix A Amended; interim,03-56535,68,2003
211,Authority Citation Revised,03-25112,68,2003
211.5,(m) Added,03-25112,68,2003
211.24,(j) Added,03-25112,68,2003
211.41,Revised,03-1159,68,2003
211.42,Revised,03-1159,68,2003
211.43,Revised,03-1159,68,2003
211.44,Revised,03-1159,68,2003
211.45,Revised,03-1159,68,2003
211.605,Added,03-7899,68,2003
220,OTC margin stock lists,"03-8993, 03-52486",68,2003
222,Added; interim,03-74469,68,2003
225.28,(b)(8)(ii)(B) Revised,03-39810,68,2003
225.28,(b)(8)(ii)(B) Corrected,03-41901,68,2003
225.28,(b)(14) Revised; eff. 1-8-04,03-68499,68,2003
225,Appendix A Amended; interim,03-56535,68,2003
226,Supplement I Amended,"03-16189, 03-50965",68,2003
229,Technical correction,03-37957,68,2003
229,Appendix A Amended,"03-31596, 03-52078",68,2003
229,Appendices A and E Amended,03-52078,68,2003
229,Appendix E Corrected,03-53672,68,2003
263,Authority Citation Revised,03-48267,68,2003
263.94,(a) and (b) Revised,03-48267,68,2003
263.400--263.405 (Subpart J),Added,03-48267,68,2003
264b,Revised; eff. 1-9-04,03-68721,68,2003
268,Revised,03-18085,68,2003
272.3,(c) Revised,03-6061,68,2003
201.51,(a) and (b) Revised,"04-41389, 04-51002, 04-57836, 04-67635, 04-75819",69,2004
203,Supplement I Amended,04-77139,69,2004
204.9,Revised,04-60545,69,2004
208,Authority citation Revised,04-77617,69,2004
208.3,(d)(1) Revised; eff. 7-1-05,04-77617,69,2004
208,Appendix A Amended; interim,04-22385,69,2004
208,Appendix A Corrected,04-25672,69,2004
208,Appendix A Amended,04-44916,69,2004
208,Appendix E Amended,04-44918,69,2004
208,Appendix D-2 Amended; eff. 7-1-05,04-77617,69,2004
210,Authority citation Revised,04-62557,69,2004
210.1,Amended,04-62557,69,2004
210.2,"(h) Amended; (i), (l)(3), (n) and (r) revised; undesignated paragraph after (o) removed; (s) added",04-62557,69,2004
210.3,(b) Amended,04-62558,69,2004
210.4,(b)(2) Amended,04-62558,69,2004
210.5,"(b), (c) and (d) Redesignated as (c), (d) and (e); new (b) added; new (d)(3) redesignated from part of new (d)(2); new (d)(1), (2), (3) and (e) amended; (a) and new (c)(3) revised",04-62558,69,2004
210.6,"(c) Redesignated as (d); (a), (b) and new (d) revised; new (c) added",04-62559,69,2004
210.12,"(d) through (i) Redesignated as (e) through (j); new (d) added; (b)(2) and new (g) amended; (c), new (e) and (f)(3) revised;",04-62560,69,2004
210.13,Amended,04-62561,69,2004
211,Authority citation Revised; eff. 7-1-05,04-77618,69,2004
211.5,(l) Revised; eff. 7-1-05,04-77618,69,2004
211.24,(i) Revised; eff. 7-1-05,04-77618,69,2004
226.2,(b)(5) Added,04-16773,69,2004
226,Supplement I Amended,"04-16773, 04-50299",69,2004
229.20,(g)(2) Amended,04-47311,69,2004
229.21,Amended,04-47311,69,2004
229.30,Undesignated text following (a)(2)(iii) amended; (c)(1) and (d) revised,04-47311,69,2004
229,Appendix A Amended,"04-1656, 04-6919, 04-10603, 04-19922, 04-25827, 04-28820, 04-35506, 04-57839",69,2004
229,Appendix A Corrected,04-30189,69,2004
229,Appendix C Amended,04-47315,69,2004
229,Appendix D Amended; eff. in part 1-1-06,04-47316,69,2004
229,Appendix E Amended,04-47317,69,2004
263.65,Revised,04-56930,69,2004
201.51,(a) and (b) Revised,"05-6763, 05-16095, 05-24303, 05-39411,05-48269, 05-56564, 05-69044, 05-75386",70,2005
203,Supplement I Amended,05-75719,70,2005
204.9,Revised,05-58604,70,2005
208,Appendix A Amended,05-11834,70,2005
208,Appendix D-2 Amended,05-15753,70,2005
210.5,(a)(3) Revised; eff. 7-1-06,05-71224,70,2005
210.6,(b)(2) Revised; eff. 7-1-06,05-71225,70,2005
210.9,(b)(5) Revised; eff. 7-1-06,05-71225,70,2005
222,Authority citation Revised,"05-33979, 05-70678",70,2005
222.2,Added; interim; eff. 3-7-06,05-33979,70,2005
222.2,Regulation at 70 FR 33979 eff. date delayed to 4-1-06 Added; eff. 4-1-06,05-70678,70,2005
222.2,Correctly revised,05-75931,70,2005
222.3,Added; interim; eff. 3-7-06,05-33979,70,2005
222.3,Regulation at 70 FR 33979 eff. date delayed to 4-1-06 Added; eff. 4-1-06,05-70678,70,2005
222.3,Correctly revised,05-75931,70,2005
222.30--222.32 (Subpart D),Added; interim; eff. 3-7-06,05-33979,70,2005
222.30--222.32 (Subpart D),Regulation at 70 FR 33979 eff. date delayed to 4-1-06 Added; eff. 4-1-06,05-70679,70,2005
222.30--222.32 (Subpart D),Correctly revised,05-75931,70,2005
225,Authority citation Revised,05-15753,70,2005
225,Policy statement,05-59987,70,2005
225,Appendix A Amended,05-11834,70,2005
225,Appendix D Amended,05-11838,70,2005
225,Appendix F Amended,05-15753,70,2005
225,Appendix A Corrected,05-20704,70,2005
226,Supplement I Amended,05-46067,70,2005
228.12,Regulation at 69 FR 41187 Confirmed,05-15574,70,2005
228.26,Revised,05-44268,70,2005
228.27,Regulation at 69 FR 41187 Confirmed,05-15574,70,2005
228.28,(c) Revised,05-44268,70,2005
228.41,Regulation at 69 FR 41187 Confirmed,05-15574,70,2005
228.42,Regulation at 69 FR 41187 Confirmed,05-15574,70,2005
228,Appendix A Amended,05-44268,70,2005
229.2,(fff) Added; eff. 7-1-06,05-71225,70,2005
229.34,"(d), (e) and (f) Redesignated as (e), (f) and (g); new (d) added; eff. 7-1-06",05-71225,70,2005
229.43,(b)(3) Revised; eff. 7-1-06,05-71225,70,2005
229,Appendix A Amended,"05-7380, 05-8717, 05-21133, 05-47086",70,2005
229,Technical correction,05-48842,70,2005
229,Appendix A Amended; eff. in part 1-21-06 and 2-11-06,05-60420,70,2005
229,Appendix A Amended; eff. in part 3-31-06,05-75000,70,2005
229,Appendix E Amended; eff. 7-1-06,05-71225,70,2005
229,Appendix A Amended; eff. 2-25-06,05-73129,70,2005
230.2,(b) Revised; eff. 7-1-06,05-29593,70,2005
230.6,(a)(3) Revised; eff. 7-1-06,05-29593,70,2005
230.8,(a) Revised; (f) added; eff. 7-1-06,05-29593,70,2005
230.11,Added; eff. 7-1-06,05-29593,70,2005
230,Supplement I Amended; eff. 7-1-06,05-29594,70,2005
232,Added; interim; eff. 3-7-06,05-33982,70,2005
232,Regulation at 70 FR 33982 eff. date delayed to 4-1-06 Added; eff. 4-1-06,05-70682,70,2005
232,Correctly revised,05-75931,70,2005
263.1,(f) Amended; (g) redesignated as (h); new (g) added,05-69638,70,2005
264a,Added,05-69638,70,2005
268.205,Revised; interim,05-67643,70,2005
271.3,(c) Amended,05-7840,70,2005
271.4,(c) Revised,05-7480,70,2005
271.8,(a) Revised; (b) amended,05-7840,70,2005
272.3,(a) and (e) Amended; (b) and (d) revised,05-7840,70,2005
272.4,(c) Amended; (d) redesignated as (e); new (d) added,05-7841,70,2005
281,Authority citation Revised,05-7841,70,2005
281.1,Removed; new 281.1 redesignated from 281.2,05-7841,70,2005
281.2,Redesignated as 281.1,05-7841,70,2005
201.51,(a) and (b) revised,"06-6342, 06-16992, 06-28562, 06-39521",71,2006
202,Appendix A amended,"06-11296, 06-28563",71,2006
203,Supplement I amended,06-77247,71,2006
204.9,Revised,06-62203,71,2006
205.2,(b)(2) redesignated as (b)(3); new (b)(2) added; interim; eff. 7-1-07,06-1481,71,2006
205.2,(b)(2) revised; eff. 7-1-07,06-51449,71,2006
205.3,(b) redesignated as (b)(1); (a) and new (b)(1) revised; (b)(2) and (3) added,06-1659,71,2006
205.3,"(a), (b)(2)(ii) and (3) revised; interim",06-51456,71,2006
205.3,(b)(3) revised,06-69436,71,2006
205.7,(c) added,06-1659,71,2006
205.16,(c) revised,06-1659,71,2006
205.18,Added; interim; eff. 7-1-07,06-1481,71,2006
205.18,Revised; eff. 7-1-07,06-51449,71,2006
205,Appendix A amended; interim; eff. 7-1-07,06-1482,71,2006
205,Appendix A amended; eff. 7-1-07,06-51450,71,2006
205,Appendix A amended; interim,06-51456,71,2006
205,Appendix A amended,"06-1659, 06-69437",71,2006
205,Supplement I amended; interim; eff. 7-1-07,06-1482,71,2006
205,Supplement I amended,"06-1661, 06-69437",71,2006
205,Supplement I amended; eff. 7-1-07,06-51450,71,2006
205,Supplement I amended; interim,06-51457,71,2006
208,Appendix D-2 correctly amended,06-5780,71,2006
208,Appendix E amended,06-8936,71,2006
211.5,(m)(1) added,06-13936,71,2006
211.24,(j)(1) added,06-13936,71,2006
215,Authority citation revised,06-71474,71,2006
215.1--215.13 (Subpart A),Heading removed; interim,06-71474,71,2006
215.1,Revised; interim,06-71474,71,2006
215.2,Introductory text revised; interim,06-71474,71,2006
215.9,Removed; new 215.9 redesignated from 215.11; (a)(1) footnote 4 removed; (a)(2)(ii) revised; interim,06-71474,71,2006
215.10,Removed; new 215.10 redesignated from 215.12; interim,06-71474,71,2006
215.11,Redesignated as 215.9; new 215.11 redesignated from 215.13; interim,06-71474,71,2006
215.11,Revised; interim,06-71475,71,2006
215.12,Redesignated as 215.10; interim,06-71474,71,2006
215.13,Redesignated as 215.11; interim,06-71474,71,2006
215.1--215.13 (Subpart A),Appendix redesignated as Part 215 Appendix; interim,06-71475,71,2006
215.20--215.23 (Subpart B),Removed; interim,06-71475,71,2006
225,Appendix F correctly amended,06-5780,71,2006
225,Appendix E amended,06-8937,71,2006
225.2,Footnote 2 revised,06-9901,71,2006
225.4,(b)(2)(iii) revised,06-9901,71,2006
225.14,(a)(1)(v) revised,06-9901,71,2006
225.17,Footnote 5 revised,06-9902,71,2006
225.23,(a)(1)(iii)(A) and (B) revised,06-9902,71,2006
225,"Appendices A, C and D amended",06-9902,71,2006
226.7,(f) correctly amended; CFR correction,06-30577,71,2006
226,Supplement I amended,06-46388,71,2006
227.2,(a)(2)(ii) amended,06-11297,71,2006
228.12,(u)(1) revised,06-78336,71,2006
228.26,(d) added,06-78337,71,2006
229,Appendix A amended,06-32266,71,2006
268.205,Revised; interim,06-44558,71,2006
201.4,(e) added,07-71203,72,2007
201.51,(a) and (b) revised,"07-48549, 07-54814, 07-63097, 07-71756",72,2007
201.51,(b) table correctly amended,07-56890,72,2007
201.51,(e) added,07-71203,72,2007
202.4,(d) revised,07-63451,72,2007
202.9,(h) removed,07-63451,72,2007
202.16,Removed; new 202.16 redesignated from 202.17,07-63451,72,2007
202.17,Redesignated as new 202.16,07-63451,72,2007
202,Appendix A amended,07-55020,72,2007
202,Supplement I amended,07-63451,72,2007
202,Supplement I amended; eff. 1-14-08,07-71057,72,2007
203,Supplement I amended,07-72235,72,2007
204.9,Revised,07-55656,72,2007
204.121,(a)(2)(iii) amended,07-16990,72,2007
205.4,(a)(1) revised; (c) removed; (d) and (e) redesignated as new (c) and (d),07-63456,72,2007
205.9,(a) introductory text revised; (e) added,07-36593,72,2007
205.17,Removed,07-63456,72,2007
205,Supplement I amended,"07-36593, 07-63456",72,2007
208.64,(b) revised; interim,07-17802,72,2007
208.64,Regulation at 72 FR 17802 confirmed,07-54349,72,2007
208,Appendix F added and amended; eff. 4-1-08,07-69430,72,2007
211.26,(c)(2)(i)(A) revised; interim,07-17803,72,2007
211.26,Regulation at 72 FR 17803 confirmed,07-54349,72,2007
212.2,(j)(1)(iii) and (vi) amended; interim,07-1276,72,2007
212.2,Regulation at 72 FR 1276 confirmed,07-38755,72,2007
212.3,(b) amended; interim,07-1276,72,2007
212.3,Regulation at 72 FR 1276 confirmed,07-38755,72,2007
213.3,(a) introductory text revised; (a)(5) removed,07-63461,72,2007
213.6,Removed,07-63461,72,2007
213.7,(c) revised,07-63461,72,2007
213,Supplement I amended,07-63461,72,2007
215,Regulation at 71 FR 71474 confirmed,07-30472,72,2007
215.1--215.13 (Subpart A),Regulation at 71 FR 71474 confirmed,07-30472,72,2007
215.1,Regulation at 71 FR 71474 confirmed,07-30472,72,2007
215.2,Regulation at 71 FR 71474 confirmed,07-30472,72,2007
215.9,Regulation at 71 FR 71474 confirmed,07-30472,72,2007
215.10,Regulation at 71 FR 71474 confirmed,07-30472,72,2007
215.11,Regulation at 71 FR 71474 and 71475 confirmed,07-30472,72,2007
215.12,Regulation at 71 FR 71474 confirmed,07-30472,72,2007
215.13,Regulation at 71 FR 71474 confirmed,07-30472,72,2007
215.1--215.13 (Subpart A),Regulation at 71 FR 71475 confirmed,07-30472,72,2007
215.20--215.23 (Subpart B),Regulation at 71 FR 71475 confirmed,07-30472,72,2007
218,Added,07-56554,72,2007
220.132,Introductory text correctly amended,07-70486,72,2007
222,Authority citation revised,07-62954,72,2007
222.1,(a) added; (b)(2)(i) revised,07-62954,72,2007
222.3,Introductory text revised,07-63756,72,2007
222.20--222.28 (Subpart C),Added,07-62955,72,2007
222.80--222.83 (Subpart I),Heading revised,07-63756,72,2007
222.82,Added,07-63756,72,2007
222.90--222.91 (Subpart J),Added,07-63757,72,2007
222,Appendix C added,07-62962,72,2007
222,Appendix J added,07-63758,72,2007
225,Appendix G added and amended; eff. 4-1-08,07-69431,72,2007
226.5,(a)(1) revised; (a)(5) removed,07-63473,72,2007
226.5a,(a)(2)(v) added,07-63473,72,2007
226.5b,(a)(3) added; (c)(1) heading and (2) removed; (c)(1) redesignated as (c),07-63474,72,2007
226.15,(b) introductory text amended,07-63474,72,2007
226.16,(c) revised,07-63474,72,2007
226.17,(a)(1) and (g) revised; (a)(3) removed,07-63474,72,2007
226.19,(c) added,07-63474,72,2007
226.23,(b)(1) amended,07-63474,72,2007
226.24,(d) revised,07-63474,72,2007
226.31,(b) revised,07-63475,72,2007
226.36 (Subpart F),Removed,07-63475,72,2007
226,Supplement I amended,"07-44033, 07-63475",72,2007
226,Supplement I amended; eff. 1-14-08,07-71059,72,2007
227.2,(a)(2) revised,07-55021,72,2007
228.12,(u)(1) correctly revised,07-72573,72,2007
228.26,(a)(1) heading correctly revised,07-72573,72,2007
229,Appendix A correctly amended; CFR correction,07-3706,72,2007
229,Appendix A amended,"07-27952, 07-34597, 07-46144",72,2007
229,Appendix B revised,07-27952,72,2007
230.3,(a) revised; (g) removed,07-63483,72,2007
230.4,(a)(1)(ii) and (2)(i) revised,07-63483,72,2007
230.10,Supplement I amended,07-63484,72,2007
230,Supplement I amended,07-63484,72,2007
201.51,(a) and (b) revised,"08-5728, 08-7202, 08-15862, 08-25505, 08-61657, 08-65967, 08-79307",73,2008
202,Appendix A amended,"08-33663, 08-53685",73,2008
203.4,(a)(12) and (13) revised; eff. 10-1-09,08-63335,73,2008
203,Appendix A amended; eff. 10-1-09,08-63335,73,2008
203,Supplement I amended; eff. 10-1-09,08-63336,73,2008
203,Supplement I amended,08-78616,73,2008
204.4,Removed; interim,08-59485,73,2008
204.9,Revised,08-57490,73,2008
204.10,Added; interim,08-59485,73,2008
204.10,(b)(2) revised; interim,08-65507,73,2008
204.10,(b)(1) and (2) revised,08-67714,73,2008
204.10,(b) revised; interim,08-78617,73,2008
208,Technical correction,08-21690,73,2008
208,Policy statement,08-44620,73,2008
208,Appendices A and B amended; interim,08-55707,73,2008
208,Appendix A amended; eff. 1-29-09,08-79606,73,2008
218.701,(b) revised,08-20780,73,2008
218.721,(a)(6) and (7); (c)(2) redesignated as (a)(5) and (6); revised,08-20780,73,2008
218.723,(e)(3) revised,08-20780,73,2008
218.741,(a)(1)(A) and (B) redesignated as(a)(1)(i) and (ii),08-20780,73,2008
218.775,(b)(1)(i) revised,08-20780,73,2008
223.42,(n) added; interim,"08-54308, 08-55709",73,2008
223.56,Added; interim,08-55709,73,2008
225,Technical correction,08-21690,73,2008
225,Policy statement,08-44620,73,2008
225,Appendices A and D amended; interim,08-55708,73,2008
225,Appendix A amended; interim,08-62853,73,2008
225,Appendix A correctly amended; interim,08-63624,73,2008
225,Appendix A amended; eff. 1-29-09,08-79606,73,2008
226,Authority citation revised,08-44599,73,2008
226.1,(d)(5) revised; eff. 10-1-09,08-44599,73,2008
226.2,(a)(6) revised; eff. 10-1-09,08-44599,73,2008
226.16,"(d)(2), (3) and (4); (d)(6) and (e) revised; added; eff. 10-1-09",08-44599,73,2008
226.17,(b) and (f) revised; eff. 10-1-09,08-44600,73,2008
226.19,Heading and (a)(1) revised; eff. 10-1-09,08-44600,73,2008
226.23,(a)(3) footnote 48 revised; eff. 10-1-09,08-44601,73,2008
226.24,"(b), (c) and (d) redesignated as (c), (d) and (e); new (b) and (f) through (i) added; footnote 49 removed; eff. 10-1-09",08-44601,73,2008
226.32,(d)(6) and (7) revised; eff. 10-1-09,08-44602,73,2008
226.34,Heading and (a)(4) revised; eff. 10-1-09,08-44603,73,2008
226.35,Added; eff. 10-1-09 and 4-1-10 in part,08-44603,73,2008
226.36,Added; eff. 10-1-09,08-44604,73,2008
226,Supplement I amended; eff. 10-1-09,08-44604,73,2008
226,Supplement I amended,08-46191,73,2008
228.12,(u)(1) revised,08-78154,73,2008
229,Appendix A amended,"08-1269, 08-28320, 08-41236, 08-47818, 08-52909",73,2008
229,Appendix B revised,08-1269,73,2008
229,Appendix A amended; Appendix B removed,08-8788,73,2008
229,Appendix A amended; eff. 1-31-09,08-70591,73,2008
229,Appendix A amended; eff. 2-21-09,08-77492,73,2008
233,Added; eff. 1-19-09,08-69405,73,2008
239.36,Form F-6 amended,08-52767,73,2008
240.12g3-2,"(b), (c) and (d); (e) and (f) revised; removed",08-52768,73,2008
240.15c2-11,(a)(4) revised,08-52768,73,2008
249.240f,Form 40-F amended,08-52768,73,2008
249.306,Form 6-K amended,08-52768,73,2008
249.324,Form 15F amended,08-52769,73,2008
263,Authority citation revised,08-58032,73,2008
263.65,Revised,08-58032,73,2008
268.205,Regulation at 71 FR 44558 confirmed,08-17886,73,2008
268.205,"(a)(3), (9)(iii)(C) and (D); (c)(4)(i); (c)(5) amended; revised; redesignated as (c)(6); (a)(9)(iii)(E) and new (c)(5) added",08-17887,73,2008
201.3,(e) added; eff. 1-8-10,09-65016,74,2009
202,Appendix A corrected; CFR correction,09-17899,74,2009
203,Supplement I amended,09-68499,74,2009
204.2,"(v), (y), (z), (aa), (bb) and (cc) added",09-25628,74,2009
204.3,"Heading, (a) through (d), (f) and (g) revised; (h) and (i) removed",09-25637,74,2009
204.4,Added,09-25637,74,2009
204.5,Redesignated as 204.9; new 204.5 added,09-25638,74,2009
204.6,Redesignated as 204.7; new 204.6 added,09-25639,74,2009
204.7,Removed; new 204.7 redesignated from 204.6,09-25639,74,2009
204.9,Removed; new 204.9 redesignated from 204.5,09-25638,74,2009
204.10,Revised,09-25629,74,2009
205.12,(a) revised; eff. 1-19-10,09-59052,74,2009
205.17,Added; eff. 1-19-10,09-59052,74,2009
205,Appendix A amended; eff. 1-19-10,09-59053,74,2009
208,Appendices A and B amended,09-6224,74,2009
209.2,(c)(1) revised,09-25639,74,2009
216.2,Revised,09-62925,74,2009
216.6,(b) and (f) revised; (g) added; (g) removed eff. 1-1-12,09-62925,74,2009
216.7,(i) added,09-62926,74,2009
216,Appendix A redesignated as Appendix B; new Appendix A added,09-62926,74,2009
219.3,"(a), (b)(2), (c), (d) and Appendix A revised; (b)(3) added",09-50107,74,2009
219.5,(a) revised,09-50108,74,2009
222,Authority citation revised,09-31514,74,2009
222.40--222.43 (Subpart E),Added,09-31514,74,2009
222.82,"(a), (b), (c)(2)(i)(A), (d)(1) introductory text and (3) amended",09-22642,74,2009
222.90,(a) amended,09-22642,74,2009
223.42,(n) revised,09-6226,74,2009
223.56,Revised,09-6228,74,2009
225,Appendices A and D amended,09-6224,74,2009
226,Authority citation revised,09-36094,74,2009
226.1,Revised; eff. 7-1-10,09-5397,74,2009
226.2,Revised; eff. 7-1-10,09-5398,74,2009
226.3,Revised; eff. 7-1-10,09-5399,74,2009
226.4,Revised; eff. 7-1-10,09-5399,74,2009
226.5,Revised; eff. 7-1-10,09-5401,74,2009
226.5a,Revised; eff. 7-1-10,09-5402,74,2009
226.6,Revised; eff. 7-1-10,09-5406,74,2009
226.7,(a) and (b) revised; (c) through (k) and footnotes 14 and 15 removed; eff. 7-1-10,09-5409,74,2009
226.8,Revised; eff. 7-1-10,09-5411,74,2009
226.9,Revised; eff. 7-1-10,09-5412,74,2009
226.10,Revised; eff. 7-1-10,09-5415,74,2009
226.11,Revised; eff. 7-1-10,09-5416,74,2009
226.12,Revised; eff. 7-1-10,09-5416,74,2009
226.13,Revised; eff. 7-1-10,09-5417,74,2009
226.14,Revised; eff. 7-1-10,09-5418,74,2009
226.16,Revised; eff. 7-1-10,09-5419,74,2009
226.17,Regulation at 73 FR 44600 eff. date changed to 7-30-09 (f) revised,09-23301,74,2009
226.19,Regulation at 73 FR 44600 eff. date changed to 7-30-09 (a) revised,09-23301,74,2009
226.30,Revised; eff. 7-1-10,09-5421,74,2009
226.39,Added; interim,09-60151,74,2009
226.46--226.48 (Subpart F),Added,09-41232,74,2009
227,Authority citation added,09-5559,74,2009
227.1--227.2 (Subpart A),Authority citation removed,09-5559,74,2009
228.12,(u)(1) revised,09-68664,74,2009
229,Appendix A amended,"09-4910, 09-7786, 09-21246, 09-26516, 09-35114, 09-52876, 09-52877, 09-58538",74,2009
230.1,(a) revised,09-5593,74,2009
230.11,"Heading, (a), (b)(2)(x) and (xi) revised; (b)(2)(xii) and (c) added",09-5593,74,2009
230,Appendix B amended,09-5593,74,2009
233,Regulation at 73 FR 69405 compliance date extended to 6-1-10,09-62687,74,2009
201.51,(a) and (b) revised,10-9094,75,2010
203,Supplement I amended,10-80675,75,2010
204.2,(dd) revised,10-24389,75,2010
204.4,(f) revised,10-65564,75,2010
204.10,(b)(3) revised; (e) added,10-24389,75,2010
205.3,(a) revised,10-16613,75,2010
205.4,(a)(1) revised,10-16613,75,2010
205.12,(b)(1) revised,10-16614,75,2010
205.17,(b)(1) revised; (b)(4) removed,10-31671,75,2010
205.17,(b)(1) introductory text correctly revised,10-33681,75,2010
205.20,Added,10-16614,75,2010
205.20,(c)(2) and (g)(1) revised; (h) added; interim,10-50687,75,2010
205.20,Regulation at 75 FR 50687 confirmed; (h) revised,10-66648,75,2010
205,Supplement I amended,"10-16615, 10-31671, 10-66649",75,2010
205,Supplement I amended; interim,10-50688,75,2010
205,Regulation at 75 FR 50688 confirmed,10-66648,75,2010
208,Authority citation revised,10-44688,75,2010
208,Technical correction,10-51623,75,2010
208.100--208.101,(Subpart I) Redesignated as 208.110--208.111 (Subpart J),10-44688,75,2010
208.101--208.105,(Subpart I) Added,10-44688,75,2010
208.110--208.111,(Subpart J) Redesignated from 208.100--208.101 (Subpart I),10-44688,75,2010
208.111,Footnotes 7 and 8 redesignated as footnotes 8 and 9; new footnote 9 revised,10-44692,75,2010
208,"Appendices A and F, amended",10-4647,75,2010
211,Authority citation revised,10-44692,75,2010
211,Technical correction,10-51623,75,2010
211.24,(k) added,10-44692,75,2010
222,Authority citation revised,10-2752,75,2010
222.70--222.75,(Subpart H) Added,10-2752,75,2010
222,"Appendix H, added",10-2759,75,2010
225,"Appendix A, amended",10-4648,75,2010
225,Appendix G amended,10-4649,75,2010
226,Technical correction,10-44093,75,2010
226,Authority citation revised,10-66580,75,2010
226,Authority citation corrected,10-80676,75,2010
226.1,Revised,10-7792,75,2010
226.1,Regulation at 74 FR 5397 withdrawn,10-7925,75,2010
226.1,(b) and (d)(5) revised,10-58533,75,2010
226.2,Revised,10-7793,75,2010
226.2,Regulation at 74 FR 5398 withdrawn,10-7925,75,2010
226.3,Revised,10-7794,75,2010
226.3,Regulation at 74 FR 5399 withdrawn,10-7925,75,2010
226.4,Revised,10-7794,75,2010
226.4,Regulation at 74 FR 5399 withdrawn,10-7925,75,2010
226.5,Revised,10-7796,75,2010
226.5,Regulation at 74 FR 5401 withdrawn,10-7925,75,2010
226.5a,Revised,10-7797,75,2010
226.5a,Regulation at 74 FR 5402 withdrawn,10-7925,75,2010
226.5a,(a)(2)(iv) revised,10-37568,75,2010
226.6,Revised,10-7800,75,2010
226.6,Regulation at 74 FR 5406 withdrawn,10-7925,75,2010
226.6,(b)(1)(i) revised,10-37568,75,2010
226.7,Revised,10-7804,75,2010
226.7,Regulation at 74 FR 5409 withdrawn,10-7925,75,2010
226.7,(b)(11)(i)(B) revised,10-37568,75,2010
226.8,Revised,10-7806,75,2010
226.8,Regulation at 74 FR 5411 withdrawn,10-7925,75,2010
226.9,Revised,10-7807,75,2010
226.9,Regulation at 74 FR 5412 withdrawn,10-7925,75,2010
226.9,(c)(2) and (g) revised,10-37568,75,2010
226.10,Revised,10-7811,75,2010
226.10,Regulation at 74 FR 5415 withdrawn,10-7925,75,2010
226.11,Revised,10-7812,75,2010
226.11,Regulation at 74 FR 5416 withdrawn,10-7925,75,2010
226.12,Revised,10-7812,75,2010
226.12,Regulation at 74 FR 5416 withdrawn,10-7925,75,2010
226.13,Revised,10-7814,75,2010
226.13,Regulation at 74 FR 5417 withdrawn,10-7925,75,2010
226.14,Revised,10-7815,75,2010
226.14,Regulation at 74 FR 5418 withdrawn,10-7925,75,2010
226.16,Revised,10-7816,75,2010
226.16,Regulation at 74 FR 5419 withdrawn,10-7925,75,2010
226.18,(g) introductory text revised; (s) and (t) added; interim,10-58482,75,2010
226.18,(s)(2)(i)(B)(2) revised; interim; eff. 1-30-11,10-81841,75,2010
226.30,Revised,10-7818,75,2010
226.30,Regulation at 74 FR 5421 withdrawn,10-7925,75,2010
226.36,"(d) redesignated as (f); heading, (a) and new (f) revised; new (d) and (e) added",10-58533,75,2010
226.36,(b) removed; interim; eff. 4-1-11,10-66580,75,2010
226.39,Revised,10-58501,75,2010
226.42,Added; interim,10-66580,75,2010
226.42,(d)(3)(i) and (f)(2)(i) corrected; interim,10-80676,75,2010
226.51--226.58,(Subpart G) Added,10-7818,75,2010
226.52,(b) added,10-37571,75,2010
226.59,Added,10-37572,75,2010
226,Appendices E and F revised,10-7824,75,2010
226,Regulation at 74 FR 5421 withdrawn,10-7925,75,2010
226,Appendix G amended,"10-7825, 10-37573",75,2010
226,Regulation at 74 FR 5422 withdrawn,10-7825,75,2010
226,Appendix H amended,10-7845,75,2010
226,Regulation at 74 FR 5441 withdrawn,10-7825,75,2010
226,Appendix M1 added,10-7846,75,2010
226,Appendix M2 added,10-7848,75,2010
226,Supplement I amended,"10-7848, 10-37583, 10-46838, 10-58502, 10-58534",75,2010
226,Regulation at 74 FR 5450 withdrawn,10-7825,75,2010
226,Appendix H added; interim,10-58484,75,2010
226,Supplement I amended; interim,10-58486,75,2010
226,Supplement I amended; interim; eff. in part 4-1-11,10-66582,75,2010
226,Supplement I corrected; interim,10-80676,75,2010
226,Supplement I amended; interim; eff. 1-30-11,10-81842,75,2010
227.1,Revised,10-7826,75,2010
227.21--227.26,(Subpart C) Removed,10-7826,75,2010
227,Supplement I revised,10-7826,75,2010
228,Authority citation revised,10-61044,75,2010
228.12,(g)(3) and (4)(iii)(B) amended; (g)(5) added; eff. 1-19-11,10-79285,75,2010
228.12,(u)(1) revised,10-82219,75,2010
228.21,(e) and (f) added,10-61044,75,2010
228,Appendix A amended,10-61045,75,2010
229,Appendix A amended,10-220,75,2010
230.6,(a)(5) added,10-31676,75,2010
230.11,(a)(1)(i) revised,10-31676,75,2010
230,Supplement I amended,10-31676,75,2010
261a,Revised,10-63704,75,2010
202,Authority citation revised,11-59239,76,2011
202.12,(b)(4) amended,11-41599,76,2011
202.17,Added,11-59239,76,2011
202,Appendix A amended,11-31451,76,2011
202,Appendix C amended,11-41600,76,2011
202,Supplement I amended,11-41602,76,2011
204,Authority citation revised,11-42019,76,2011
204.4,(f) revised,11-68066,76,2011
207.1,(b)(3) and (4) redesignated as (b)(4) and (5); new (b)(3) added; new (b)(4) and (5) revised; interim Added,11-56530,76,2011
208,Appendices A and F amended,11-37628,76,2011
213,Authority citation revised,11-18353,76,2011
213.2,(e) revised,11-18353,76,2011
213,Supplement I amended,"11-18353, 11-35721",76,2011
215,Authority citation revised,11-56530,76,2011
215.1,(a) revised; interim,11-56531,76,2011
215.9,(a)(1) revised; interim,11-56531,76,2011
215.12,Added; interim,11-56531,76,2011
217,Removed,11-42020,76,2011
222.73,"(a)(1)(vii), (viii), (2)(vii), (viii) and (b)(2)","revised; (a)(1)(ix), (2)(ix) and (d) added 11-41616",76,2011
222.75,(c)(1) and (3)(i) revised,11-41617,76,2011
222,Appendix H amended,11-41617,76,2011
223,Authority citation revised,11-56531,76,2011
223.1,(a) revised; interim,11-56531,76,2011
223.72 (Subpart I),Added; interim,11-56531,76,2011
225,Authority citation revised,11-8275,76,2011
225.1,(c)(11) revised,11-8275,76,2011
225.4,(b)(7) added,11-74644,76,2011
225.8,Added,11-74644,76,2011
225.180--225.182 (Subpart K),Added,11-8275,76,2011
225.200 (Subpart L),Subpart designation and heading added,11-8278,76,2011
225,Appendices A and C amended,11-35963,76,2011
225,Appendix G amended,11-37628,76,2011
226,Authority citation revised,"11-11323, 11-18362",76,2011
226.2,(a)(15)(ii) revised,11-22998,76,2011
226.3,(b) revised,11-18363,76,2011
226.5,(b)(2)(ii)(A) heading and (B) revised,11-22998,76,2011
226.5a,"(a)(2)(iii), (b)(1)(i) and (iv) revised",11-22999,76,2011
226.6,"(b)(1)(ii), (2)(i)(B) and (D) revised",11-22999,76,2011
226.7,(b)(12) and (14) revised,11-23000,76,2011
226.9,"(b)(3)(ii) added; (c)(2)(i)(A), (ii), (iii), (iv)(A)(1), (B), (D), (v)(B)(1), (2), (3), (C) and (D) revised",11-23000,76,2011
226.9,(b)(3)(iii) correctly added,11-31221,76,2011
226.10,(b)(4) and (e) revised,11-23001,76,2011
226.16,(g) revised,11-23002,76,2011
226.35,(a)(1) revised; (b)(3)(v) added,11-11324,76,2011
226.51,(a)(1) and (b)(1)(ii)(B) revised,11-23002,76,2011
226.52,"(a) heading, (1), (3) and (b)(1)(ii) revised",11-23002,76,2011
226.53,(b) revised,11-23003,76,2011
226.55,"(b)(1), (3)(iii) and (6) revised; (e) added",11-23003,76,2011
226.58,"(b)(1), (2), (c)(1), (3) and (8) revised; (b)(4) through (7) redesignated as (b)(5) through (8); new (b)(4) added; (c)(2) removed",11-23003,76,2011
226.58,New (b)(7) correctly revised,11-31221,76,2011
226,Supplement I amended,"11-11324, 11-18363, 11-23005, 11-35722, 11-35724, 11-43112",76,2011
226,Supplement I correctly amended,11-31221,76,2011
226,Appendix M1 amended,11-23004,76,2011
228.11,"(a)(2), (3)(iii) and (iv) revised; interim",11-56532,76,2011
228.12,(u)(1) revised,11-79531,76,2011
228.29,"(a)(2)(ii), (iii), (c) and (d) revised; (a)(2)(iv) and (v) added; interim",11-56532,76,2011
230,Supplement I amended,11-42020,76,2011
235,Added,11-43466,76,2011
235.4,Added; interim,11-43486,76,2011
235,Appendix A amended; interim,11-43487,76,2011
238,Added; interim,11-56532,76,2011
239,Added; interim,11-56557,76,2011
243,Added,11-67340,76,2011
261,Authority citation revised,11-56600,76,2011
261.1,(a)(1) and (2) revised; interim,11-56600,76,2011
261.2,"(v)(1)(ii), (k) and (o) revised; interim",11-56601,76,2011
261.10,(a)(7) revised; interim,11-56601,76,2011
261.14,(a)(5)(iii) revised; interim,11-56601,76,2011
261.20,"(a), (b)(1), (c) and (d) revised; interim",11-56601,76,2011
261.21,(a) revised; interim,11-56601,76,2011
261b.7,(a) revised; interim,11-56601,76,2011
262,Authority citation revised,11-56602,76,2011
262.3,"(b)(1)(i)(B), (C), (ii)(D), (E), (i) introductory text, (1) and (5) revised; undesignated text following (b)(1)(i)(C) removed; (b)(1)(i)(D), (E), (ii)(F) and (j)(3) added; interim",11-56602,76,2011
262.25,"(a) introductory text, (2), (3) and (4) revised; interim",11-56602,76,2011
263,Authority citation revised,11-56603,76,2011
263.1,"(c), (e)(2) and (11) revised; (e)(13), (14) and (15) added; interim",11-56603,76,2011
263.3,"(f)(4), (5), (i) and (m) revised; (f)(6) added; interim",11-56603,76,2011
263.50,(b)(13) and (14) revised; (b)(15) added; interim,11-56603,76,2011
263.56,Revised; interim,11-56603,76,2011
263.65,(a) revised; (b)(11) and (12) added; interim,11-56604,76,2011
263.80,Revised; interim,11-56604,76,2011
263.81,(c) revised; (e) added; interim,11-56604,76,2011
263.83,(a) revised; interim,11-56604,76,2011
263.84,(a) and (c) revised; interim,11-56604,76,2011
263.85,"(b)(1), (2) and (3) revised; interim",11-56604,76,2011
263.94,(g) revised; interim,11-56605,76,2011
263.103,(c)(3) revised; interim,11-56605,76,2011
263.105,(b)(2) and (3) revised; interim,11-56605,76,2011
263.400,Revised; interim,11-56605,76,2011
263.401,(c) revised; interim,11-56605,76,2011
264a.2,Revised; interim,11-56605,76,2011
264a.3,(d) added; interim,11-56606,76,2011
264a.5,(a)(1)(i) revised; interim,11-56606,76,2011
264a.6,(c) revised; (h) added; interim,11-56606,76,2011
204,Policy statement,12-22666,77,2012
204.1,(b) revised,12-21852,77,2012
204.2,"(v), (w) and (x), (z) and (bb), (ee) and (ff) removed; revised; added",12-21852,77,2012
204.2,"(z) and (ff), (gg) and (hh) revised; added; eff. 1-24-13",12-21852,77,2012
204.2,Regulation at 77 FR 21852 eff. date delayed to 6-27-13,12-66361,77,2012
204.4,"(d), (e) and (f) introductory text revised",12-21852,77,2012
204.5,(a)(1) and (b) through (e) revised,12-21852,77,2012
204.6,"Heading, (a) and (b) revised",12-21853,77,2012
204.10,"(b)(1), (3), (c), (d)(3) and (e)(2) revised",12-21854,77,2012
208,Appendix E revised; Appendix E amended,12-53112,77,2012
210.2,(a) revised,12-21858,77,2012
210.4,Revised,12-21858,77,2012
210.25,(b)(1) and (3) revised,12-21859,77,2012
210.26,(b) removed,12-21859,77,2012
213,Supplement I amended,12-69736,77,2012
219.21,Amended,12-65097,77,2012
225,Policy statement,12-33949,77,2012
226 Supplement I,amended,12-69738,77,2012
228.12 (u)(1),revised,12-75523,77,2012
235.4,Revised,12-46280,77,2012
241,Added,12-32884,77,2012
252,Added,12-62391,77,2012
263.65,Revised,12-68681,77,2012
204.4,(f) revised,13-66250,78,2013
208,Revised,13-62281,78,2013
208,Authority citation correctly revised; eff. 1-1-14,13-76973,78,2013
208.2,(d) revised,13-62281,78,2013
208.3,(a) footnote 2 redesignated as footnote 3,13-62282,78,2013
208.4,Revised,13-62282,78,2013
208.5,Footnotes 3 and 4 redesignated as footnotes 6 and 7,13-62282,78,2013
208.21,Footnote 5 redesignated as footnote 8,13-62282,78,2013
208.23,(c) revised,13-62282,78,2013
208.24,(a)(3) footnote 6 redesignated as footnote 9,13-62282,78,2013
208.40,(e) added,13-62282,78,2013
208.41,Revised,13-62282,78,2013
208.43,(a) and (b) revised; (c) redesignated as (d); new (c) added,13-62283,78,2013
208.73,(a) heading revised; (b) through (e) redesignated as (c) through (f); new (b) added,13-62284,78,2013
208.77,(c) removed,13-62284,78,2013
208.102,Footnote 7 redesignated as footnote 16,13-62284,78,2013
208.111,Footnotes 8 and 9 redesignated as footnotes 17 and 18,13-62284,78,2013
208,"Appendices A, B and E removed; eff. 1-1-15",13-62284,78,2013
208,Appendix C amended; Appendix F removed,13-62284,78,2013
208,Appendix E amended; eff. 4-1-14,"13-76524, 13-76526",78,2013
213,Supplement I amended,13-70194,78,2013
217,Authority citation added,13-62284,78,2013
217,Added; amended,13-62285,78,2013
217.1,"(a), (b), (c)(1), (e) and (f)(1)(ii)(A), (B) and (C) revised; (c)(2), (3) and (4) redesignated as (c)(3), (4) and (5); new (c)(2) and (f)(4) added",13-62285,78,2013
217.2,Amended,13-62285,78,2013
217.10,(d) revised,13-62286,78,2013
217.11,(a)(2)(i) and (4)(v) revised,13-62286,78,2013
217.20,"(b)(1)(v), (c)(1)(viii),(c)(3) and (e)(2) revised; (d)(4) amended",13-62286,78,2013
217.20,(d)(1)(vi) correctly revised; eff. 1-1-14,13-76973,78,2013
217.22,"(a)(7), (b)(2)(ii), (iii), (iv) introductory text and (d)(1)(i) revised; (b)(3) added",13-62287,78,2013
217.32,"(g)(1)(ii), (k) introductory text, (l)(1) and (6) introductory text revised; (m) added",13-62287,78,2013
217.42,(h)(1)(iv) revised; (h)(3) amended,13-62288,78,2013
217.52,(b)(3)(i) revised,13-62288,78,2013
217.100,"(b)(1) introductory text, (i), (ii), (iii) and (2) revised",13-62288,78,2013
217.121,(a) revised,13-62288,78,2013
217.122,(g)(3)(ii) revised,13-62289,78,2013
217.131,"(b), (e)(3)(i) and (ii) revised; (e)(5) added",13-62289,78,2013
217.142,Heading and (k)(1)(iv) revised,13-62289,78,2013
217.152,(b)(3)(i) revised,13-62289,78,2013
217.201,(b)(1) introductory text revised; (c)(1) amended,13-62289,78,2013
217.202,(b) amended,13-62290,78,2013
217.300,"(c)(1), (3) heading and (e) revised; (c)(3) introductory text and (f) added",13-62290,78,2013
225.1,"(c)(12), (13) and (15) removed; eff. 1-1-15",13-62290,78,2013
225.2,(r)(1)(i) and (ii) revised,13-62290,78,2013
225.4,(b)(4)(ii) revised,13-62290,78,2013
225.8,Revised; interim,13-59783,78,2013
225.12,(d)(3)(i)(B) footnote 1 redesignated as footnote 2; (d)(2)(iv) and new footnote 1 added,13-62291,78,2013
225.14,Footnote 2 redesignated as footnote 3,13-62291,78,2013
225.17,"Footnotes 3, 4 and 5 redesignated as footnotes 4, 5 and 6",13-62291,78,2013
225.22,(d)(8)(v) revised; footnote 1 added,13-62291,78,2013
225.23,Footnote 1 redesignated as footnote 2,13-62291,78,2013
225.28,Footnotes 2 through 18 redesignated as footnotes 3 through 19,13-62291,78,2013
225.172,(b)(6)(i)(A) revised; footnote 1 added,13-62291,78,2013
225,Appendix A removed; eff. 1-1-19,13-62291,78,2013
225,Appendices B and G removed,13-62291,78,2013
225,Appendices D and E removed; eff. 1-1-15,13-62291,78,2013
225,Appendix E amended; eff. 4-1-14,"13-76527, 13-76528, 13-76529",78,2013
226,Authority citation revised; eff. 1-18-14,13-10437,78,2013
226,Regulation at 78 FR 10437 confirmed,13-69793,78,2013
226,Supplement I amended,13-70196,78,2013
226.43,Added; eff. 1-18-14,13-10437,78,2013
226.43,Regulation at 78 FR 10437 confirmed,13-69793,78,2013
226.43,"(a)(2) through (6), (b) introductory text, (1), (2) and (5) revised; (a)(7) through (10), (b)(7) and (8) added; eff. 1-18-14",13-78582,78,2013
226.43,(b)(8) revised; eff. 7-18-15,13-78583,78,2013
226,Appendices N and O added; eff. 1-18-14,13-10439,78,2013
226,Supplement I amended; eff. 1-18-14,"13-10439, 13-78583",78,2013
226,Regulation at 78 FR 10437 confirmed,13-69793,78,2013
226,Appendix N amended; eff. 1-18-14,13-78583,78,2013
228.12,(u)(1) revised; eff. 1-1-14,13-79285,78,2013
234.1,(b) revised; eff. 2-18-14,13-76979,78,2013
234.6,Added; eff. 2-18-14,13-76979,78,2013
234.7,Added; eff. 2-18-14,13-76979,78,2013
237,Added; interim,13-34549,78,2013
240,Added,13-21027,78,2013
242,Added,13-20776,78,2013
246,Added,13-52402,78,2013
252.131--252.137 (Subpart F),Revised; interim,13-59786,78,2013
252.141--252.148 (Subpart G),Revised; interim,13-59788,78,2013
252.151--252.157 (Subpart H),Revised; interim,13-59794,78,2013
252,Appendix A,13-71441,78,2013
261.2,(c)(1)(ii)(A) and (B) correctly reinstated,13-34874,78,2013
272.3,(c) revised,13-19981,78,2013
204.4,(f) revised,14-68350,79,2014
208,Authority citation revised,14-24539,79,2014
208.41,(c) through (j) redesignated as (d) through (k); new (c) added; eff. 1-1-18,14-24540,79,2014
208.43,(a)(2)(iv)(C) added; (c)(1)(iv) revised; eff. 1-1-18,14-24540,79,2014
208,Appendix D-2 amended,14-37166,79,2014
210,Authority citation revised,14-72111,79,2014
210,Policy statement,14-72112,79,2014
210.2,(c) and (p) revised; eff. in part 7-23-15,14-72111,79,2014
210.9,"(b)(2), (3) and (4) revised; eff. 7-23-15",14-72111,79,2014
213,Authority citation revised,14-56483,79,2014
213,Supplement I amended,14-56483,79,2014
216,Removed,14-30709,79,2014
217,Authority citation revised,14-24540,79,2014
217,Heading and authority citation revised,14-44124,79,2014
217,Footnotes 5 through 29 redesignated as footnotes 9 through 33; interim,14-78295,79,2014
217.1,(f)(4) revised; eff. 1-1-18,14-24540,79,2014
217.1,(d)(4) amended,14-57744,79,2014
217.2,Amended; eff. 1-1-18,14-24540,79,2014
217.2,Amended,"14-44124, 14-57744",79,2014
217.2,Amended; interim,14-78295,79,2014
217.10,(c)(4) revised,14-57744,79,2014
217.11,"(a)(2)(v), (vi), (c) and Table 2 added; (a)(4) revised; eff. 1-1-18",14-24540,79,2014
217.172,(d) added,14-57746,79,2014
222.90,(b)(5) revised,14-30711,79,2014
222,Appendix J amended,14-30711,79,2014
225,Authority citation revised,14-64040,79,2014
225.8,Revised,14-13502,79,2014
225.8,Revised; eff. in part 4-1-15,14-64040,79,2014
225,Appendix F amended,14-37167,79,2014
225,Appendix A regulation at 78 FR 62291 withdrawn,14-64045,79,2014
226.9,(c)(2)(v)(D) correctly amended; CFR correction,14-43232,79,2014
226,Supplement I amended,"14-56484, 14-78298",79,2014
228.12,(u)(1) revised,14-77854,79,2014
230,Removed,14-30713,79,2014
234.2,Revised,14-65557,79,2014
234.3,(a) revised,14-65558,79,2014
234.4,Removed; redesignated from 234.5,14-65562,79,2014
234.5,Redesignated as 234.4; redesignated from 234.6; (b)(3)(iv) redesignated as (b)(3)(iii),14-65562,79,2014
234.6,Redesignated as 234.5; redesignated from 234.7,14-65562,79,2014
234.7,Redesignated as 234.6,14-65562,79,2014
237.20-237.22,Subpart B Revised,14-343,79,2014
244,Authority citation added; heading revised; eff. 2-23-15,14-77764,79,2014
244.1,Added; eff. 2-23-15,14-77764,79,2014
248,Added; nomenclature change,14-5804,79,2014
248.1,Revised,14-5804,79,2014
248.16,Added; interim,14-5228,79,2014
249,Heading revised; authority citation added; nomenclature changes,14-61539,79,2014
249.1,"(b)(1)(i), (2)(iii) and (5) revised; (b)(1)(iii) amended; (b)(1)(iv) redesignated as (b)(1)(vi); new (b)(1)(iv), (v) and (c) added",14-61539,79,2014
249.3,Amended,14-61539,79,2014
249.3,Amended; interim,14-78296,79,2014
249.22,(b)(3) revised,14-61539,79,2014
249.40,(b)(1) revised,14-61540,79,2014
249.60-249.63,Subpart G Added,14-61540,79,2014
251,Added,14-68104,79,2014
252,Policy statement,14-14153,79,2014
252,Authority citation revised,"14-17315, 14-64045",79,2014
252.1-252.4,Subpart A Added,14-17315,79,2014
252.10-252.17,Subpart B Added,14-13506,79,2014
252,Revised,14-64045,79,2014
252.20-252.22,Subpart C Added,14-17316,79,2014
252.30-252.35,Subpart D Added,14-17317,79,2014
252.40-252.47,Subpart E Added,14-13510,79,2014
252,Revised,14-64049,79,2014
252.50-252.58,Subpart F Revised,14-13512,79,2014
252,Revised,14-64051,79,2014
252.120-252.122,Subpart L Added,14-17322,79,2014
252.130-252.132,Subpart M Added,14-17323,79,2014
252.140-252.146,Subpart N Added,14-17324,79,2014
252.141-252.148,Subpart G Removed,14-13515,79,2014
252.150-252.158,Subpart O Added,14-17326,79,2014
252.151-252.157,Subpart H Removed,14-13515,79,2014
252.153,(e) revised,14-64055,79,2014
252.220-252.221,Subpart U Added,14-17337,79,2014
252,Appendix A amended,14-64055,79,2014
261.20,(d)(1) and (2) added,14-6077,79,2014
267,Removed,14-64504,79,2014
272.173,(a) introductory text revised; (c) and Table 13 added,14-57746,79,2014
201,Authority citation revised,78965,80,2015
201.3,(b) revised,78965,80,2015
201.4,(d) revised,78965,80,2015
201.51,Footnote 1 redesignated as footnote 3,78965,80,2015
(a) and (b),revised,79672,80,2015
201.108,Footnotes 2 and 3 redesignated as footnotes 4 and 5,78965,80,2015
201.109,"Footnotes 4, 5 and 6 redesignated as footnotes 6, 7 and 8",78965,80,2015
204.4,(f) revised,71683,80,2015
204.10,"(a), (b), (c) and (d)(5) revised; (f) added",35567,80,2015
204.10,(b)(5) revised,79461,80,2015
208,Authority citation revised,32681,80,2015
208.2,Footnote 2 correctly removed,70672,80,2015
208.3,Footnote 3 correctly redesignated as Footnote 2,70672,80,2015
208.4,Footnotes 4 and 5 correctly removed,70672,80,2015
208.5,Footnotes 6 and 7 correctly redesignated as Footnotes 3 and 4,70672,80,2015
208.21,Footnote 8 correctly redesignated as Footnote 4,70672,80,2015
208.24,Footnote 9 correctly redesignated as Footnote 6,70672,80,2015
208.25,Revised,43245,80,2015
208.25,"(e), (i)(1) and Appendix A revised; Appendix B added",43247,80,2015
208.40,(e) correctly revised,70672,80,2015
208.41,Regulation at 79 FR 24540 withdrawn; (g) through (p) redesignated as (h) through (q); new (g) added; eff. 1-1-18,49102,80,2015
208.41,Footnotes 10 through 15 correctly removed,70672,80,2015
208.43,(a)(2)(iv)(C) and (c)(1)(iv) amended; eff. 1-1-18,49102,80,2015
208.43,"(b) correctly removed; (a)(2)(iv)(C), (c), (1)(iv) and (d) correctly redesignated as (a)(4)(iii), new (b), (1)(iv) and (c); (a) and new (b) introductory text correctly revised; eff. in part 1-1-18",70672,80,2015
208.50--208.51 (Subpart E),Heading revised,32681,80,2015
208.50,Revised,32681,80,2015
208.102,Footnote 16 correctly redesignated as Footnote 7,70672,80,2015
208.111,Footnotes 17 and 18 correctly redesignated as Footnotes 8 and 9,70672,80,2015
213,Supplement I amended,73947,80,2015
217.1,(c)(1)(iii) amended; interim,5670,80,2015
217.1,(c)(1)(iii) revised,20157,80,2015
217.1,(f)(3) revised,49103,80,2015
217.1,(f)(4) amended; eff. 1-1-18,49103,80,2015
217.2,Amended,"41418, 49103",80,2015
217.2,Regulation at 79 FR 24540 withdrawn,49103,80,2015
217.2,Correctly amended,70672,80,2015
217.10,(c) introductory text revised,41419,80,2015
217.10,"Heading, (a)(4)(ii) and Table 1 revised; (c) added",49103,80,2015
217.10,"(a)(2)(v), (vi), (c) and Table 2 amended; (c) redesignated as (d); eff. 1-1-18",49103,80,2015
217.22,(b)(1)(iii) revised,41419,80,2015
217.100,(b)(1)(i)(B)(2) and (ii)(B) revised,41419,80,2015
217.122,"(c)(9) and (10) redesignated as (c)(10) and (11); (a)(3), (b)(1), (3), (5), (c)(1), (2), (5), (6), new (c)(10), (11) and (i)(5) revised; (b)(2)(iii) and new (c)(9) added",41419,80,2015
217.131,(d)(5)(ii) and (iii) revised; (e)(3)(vi) amended,41420,80,2015
217.132,"Table 1 amended; (c)(1), (2) and (d)(5)(iii)(B) revised; (d)(2)(iv)(C), (7)(iv)(B) and (d)(9)(ii) amended",41421,80,2015
217.133,"(b)(3)(i)(B), (4)(ii) and (c)(4)(ii) amended; (c)(3)(iii) added",41421,80,2015
217.136,(e)(2)(i) and (ii) amended,41421,80,2015
217.172,(d) revised,41421,80,2015
217.173,(a) introductory text redesignated as (a)(1) and revised; (a)(2) and (3) added; Table 6 and Table 9 amended,41421,80,2015
217.202,(b) correctly amended,70672,80,2015
217.300,(a)(2) revised,49103,80,2015
217.300,(c)(3) correctly revised,70672,80,2015
204.4,(f) revised; eff. 1-18-17,16-91673,81,2016
208.64,(b)(1) revised; interim,16-10069,81,2016
208.64,Regulation at 81 FR 10069 confirmed; eff. 1-17-17,16-90952,81,2016
209,Authority citation revised,16-9087,81,2016
209,Regulation at 81 FR 9087 confirmed,16-84419,81,2016
209.1,"Heading, (a) and (b) revised; (d) added; interim",16-9087,81,2016
209.1,Regulation at 81 FR 9087 confirmed,16-84419,81,2016
209.2,(a) revised; interim,16-9087,81,2016
209.2,Regulation at 81 FR 9087 confirmed,16-84419,81,2016
209.3,"Heading, (d) heading, (1) and (2)(i) revised; (d)(3) added; interim",16-9087,81,2016
209.3,Regulation at 81 FR 9087 confirmed,16-84419,81,2016
209.4,"(b) removed; (c), (d) and (e) redesignated as new (b), (c) and (d); heading and new (c) and (d) revised; new (e) and (f) added; interim",16-9088,81,2016
209.4,Regulation at 81 FR 9088 confirmed,16-84419,81,2016
211.26,(c)(2)(i)(A) revised; interim,16-10069,81,2016
211.26,Regulation at 81 FR 10069 confirmed; eff. 1-17-17,16-90952,81,2016
213,Supplement I amended,16-86259,81,2016
217.404,(b)(1) revised; eff. 1-17-17,16-90954,81,2016
217.405,(b)(1) revised; eff. 1-17-17,16-90954,81,2016
217,Appendix A added,16-63686,81,2016
225,Policy statement,16-75315,81,2016
226,Supplement I amended,"16-86254, 16-86263",81,2016
227,Removed,16-8134,81,2016
228,Policy statement,16-48506,81,2016
237.1,Regulation at 80 FR 74923 confirmed,16-50613,81,2016
249.3,Amended,16-21232,81,2016
249.20,(c)(2) redesignated as (c)(3); new (c)(2) added,16-21232,81,2016
249.21,"(f) through (i) redesignated as (g) through (j); (b)(4), (c)(3), new (f), (g)(4), (h)(3) and (k) added; (c)(2) and new (h)(2) amended",16-21232,81,2016
249.22,(c) redesignated as (d); new (c) added,16-21232,81,2016
249.60,(c)(2) revised; eff. 4-1-17,16-94929,81,2016
249.64,Added; eff. 4-1-17,16-94929,81,2016
249.90--249.91 (Subpart J),Added; eff. 4-1-17,16-94929,81,2016
261.10,(e) and (f) revised; interim,16-94933,81,2016
261.11,"Heading, (a) introductory text, (4), (b)(1) and (c) revised; interim",16-94933,81,2016
261.12,(b)(2) revised; interim,16-94933,81,2016
261.13,"(e)(3), (f)(4), (5), (i) introductory text, (1) and (3) revised; interim",16-94933,81,2016
261.14,(a) introductory text revised; interim,16-94934,81,2016
261.17,(i) added; interim,16-94934,81,2016
263,Authority citation revised,16-47007,81,2016
263.65,Revised; interim,16-47007,81,2016
271.3,(c) revised; interim,16-94936,81,2016
271.4,"Heading, (a) and (b) revised; (c) removed; interim",16-94936,81,2016
271.5,(b)(2) revised; interim,16-94936,81,2016
271.6,"(c)(2), (d)(3), (e)(4), (5)(g)(1), (h) introductory text and (1) revised; interim",16-94936,81,2016
271.7,(a) revised; interim,16-94937,81,2016
271.9,(i) added; interim,16-94937,81,2016
201.51,(a) and (b) revised,"7636, 18216, 28756, 60282",82,2017
203,Removed; eff. 1-22-18,60674,82,2017
204.4,(f) revised,51755,82,2017
204.10,(b)(5) revised,"7637, 18217, 28758, 60283",82,2017
209,Nomenclature change,11502,82,2017
209,Amended,52174,82,2017
213,Supplement I amended,51977,82,2017
217.2,(1)(iii) and (3)(ii)(A) revised; section amended,42918,82,2017
217.300,"(b)(4), (d)(1) and table 10 revised;(b)(5) added",55316,82,2017
225,Policy statement,49089,82,2017
225.8,Revised,9323,82,2017
226,Supplement I amended,"51975, 51979",82,2017
228,Authority citation revised,61145,82,2017
228.12,(u)(1) revised,5356,82,2017
228.12,"(g)(3), (4)(iii)(B), (h)(2)(i) and (l) amended;(g)(5) and (j)(3) removed; (j)(4) and (5) redesignated as new (j)(3) and (4)",55743,82,2017
228.12,(u)(1) revised,61145,82,2017
228.22,(a)(1) amended,55743,82,2017
228.42,(c)(1) introductory text amended,55743,82,2017
228.43,(b)(2) revised,55743,82,2017
229.1,(b)(3) revised; (5) through (10) added; eff. 7-1-18,27578,82,2017
229.2,"(dd), (uu), (vv) and (bbb) revised; (ggg) and (hhh) added; eff. 7-1-2018",27578,82,2017
229.30,Revised; eff. 7-1-18,27579,82,2017
229.31,Revised; eff. 7-1-18,27579,82,2017
229.32,Revised; eff. 7-1-18,27580,82,2017
229.33,Revised; eff. 7-1-18,27580,82,2017
229.34,Revised; eff. 7-1-18,27581,82,2017
229.35,(a) and (d) revised; eff. 7-1-18,27582,82,2017
229.36,Revised; eff. 7-1-18,27583,82,2017
229.38,"(b), (c) and (d) revised; eff. 7-1-18",27583,82,2017
229.39,Revised; eff. 7-1-18,27583,82,2017
229.40,Revised; eff. 7-1-18,27584,82,2017
229.42,Revised; eff. 7-1-18,27584,82,2017
229.43,(a)(2) and (b) revised; eff. 7-1-18,27584,82,2017
229.51,(b)(2) and (3) revised; eff. 7-1-18,27584,82,2017
229.52,(a) revised; eff. 7-1-18,27584,82,2017
229.53,(a) revised; eff. 7-1-18,27585,82,2017
229,Appendix D removed; eff. 7-1-18,27585,82,2017
229,Appendix E amended; eff. 7-1-18,27585,82,2017
249.3,Amended,42919,82,2017
252,Authority citation revised,8306,82,2017
252.2,"(t) through (z) redesignated as (bb) through (hh); (n) through (s) redesignated as new (u)through (z); (i) through (m) redesignated as (j) through (n); new (i), new (o) through (t) and (aa) added",8306,82,2017
252.42,(p) revised,9329,82,2017
252.43,(b) revised; (c) removed,9329,82,2017
252.44,(b) revised,9329,82,2017
252.46,(b)(1) revised,9329,82,2017
252.52,(k) and (r) revised,9329,82,2017
252.53,(b) revised,9329,82,2017
252.54,"(a), (b)(1), (2)(i), (4)(i) and (iii) revised",9330,82,2017
252.55,"(a), (b)(4)(i) and (iii) revised",9330,82,2017
252.57,(a) revised,9330,82,2017
252.58,(a)(1)(ii) revised,9330,82,2017
252.60--252.65 (Subpart G),Added,8306,82,2017
252.81--252.88 (Subpart I),Added,42920,82,2017
252.153,"(b)(4), (5) and (6) added",8310,82,2017
252.160--252.167 (Subpart P),Added,8311,82,2017
261.13,(i)(4) revised,49287,82,2017
263.65,Revised,8361,82,2017
265,Policy statement,55496,82,2017
265.4,(c) added,55495,82,2017
271.6,(h)(3) revised,45680,82,2017
201.3,(e) removed,21168,83,2018
201.51,(a) and (b) revised,"13104, 28527, 49473",83,2018
201.51,(d)(1) introductory text revised,21168,83,2018
204.4,(f) revised,54518,83,2018
204.10,(b)(5) revised,"13105, 28528, 49475",83,2018
208.64,(b)(1) revised; interim,43965,83,2018
208.64,Regulation at 83 FR 43965 confirmed,67035,83,2018
209,Nomenclature change,58467,83,2018
210,Nomenclature change,61517,83,2018
210.2,"(h), (i), (m), (n), (q), and (s)(1) revised",61517,83,2018
210.3,(a) revised,61518,83,2018
210.4,"(a), (b)(1)(ii), (iii), and (3) revised",61518,83,2018
210.5,"(a), (c), (d), and (e) revised",61518,83,2018
210.6,"(a)(2)(ii) amended; (a)(2)(iii), (b), and (c) revised; (a)(2)(iv) added; (d) removed",61519,83,2018
210.7,(a)(1) and (b)(2) revised,61520,83,2018
210.9,"(b)(2)(i), (3)(i)(A), (B), (4), (5), (6), (c), (d), and (e) revised; (f) removed",61520,83,2018
210.10,(a) revised,61520,83,2018
210.11,(b) revised; (c) removed,61521,83,2018
210.12,(a) and (c) through (g) revised,61521,83,2018
210.25,(a) and (b)(3) amended; (b)(2) introductory text revised; (e) added,61522,83,2018
210.26,(e) revised,61522,83,2018
210.29,(b) amended,61522,83,2018
210.25--210.32 (Subpart B),Appendix A amended,61522,83,2018
211.2,(z) revised; eff. 2-1-19,58734,83,2018
211.9,(a)(2) revised; eff. 2-1-19,58734,83,2018
211.26,(c)(2)(i)(A) revised; interim,43965,83,2018
211.26,Regulation at 83 FR 43965 confirmed,67035,83,2018
213,Supplement I amended,59276,83,2018
217.1,(c)(1)(iii) revised; interim,44198,83,2018
217.11,(a)(4)(ii) revised,705,83,2018
217.11,"Table 1, (a)(4)(iv), and (v) added",17477,83,2018
217.300,(c)(1)(i) through (iv) added,705,83,2018
225.2,(r) Footnote 2 revised; interim,44198,83,2018
225.4,(b)(2)(iii) revised; interim,44198,83,2018
225.14,(a)(1)(v) revised; interim,44199,83,2018
225.17,(a)(6) Footnote 6 revised; interim,44199,83,2018
225.23,(a)(1)(iii) revised; interim,44199,83,2018
225.62,(e) through (m) redesignated as (f) through (n); new (e) added,15035,83,2018
225.63,"(a)(12) amended; (a)(13), (b), and (d)(2) revised; (a)(14) added",15035,83,2018
225 Appendix C,amended; interim,44199,83,2018
226.43,(b)(2) amended; CFR correction,40659,83,2018
226,Supplement I amended,"59274, 59278",83,2018
228,Technical correction,15298,83,2018
228.12,(u)(1) revised,66603,83,2018
229.38,(i) added,46853,83,2018
229,Appendix E amended,46853,83,2018
237.1,(e)(7) added,50811,83,2018
237.2,Amended,50812,83,2018
238.54,(a)(1) revised; eff. 2-1-19,58734,83,2018
249.3,Amended; interim,44455,83,2018
249.20,(c)(2) removed; (c)(3) redesignated as new (c)(2); (c)(1)(iii) and new (2)(vi) amended; new (c)(3) added; interim,44455,83,2018
249.21,"(c)(2) and (h)(2) amended; (b)(4), (c)(3), (f), (g)(4), (h)(3), and (k) removed; (g) through (j) redesignated as (f) through (i); interim",44455,83,2018
249.22,(c) removed; (d) redesignated as new (c); interim,44455,83,2018
252.70--252.78 (Subpart H),Added,38493,83,2018
252.76,"(d)(i), (ii), (A), (B), and (C) redesignated as (d)(1), (2), (i), (ii), and (iii)",64023,83,2018
252.170--252.178 (Subpart Q),Added,38501,83,2018
252.174,(i)(3)(1) through (4) redesignated as (i)(3)(i) through (iv),64023,83,2018
263.65,Revised,1183,83,2018
265.4,"(a)(1) removed; (a)(2), (3), and (4) redesignated as (a)(1), (2), and (3)",9419,83,2018
265.5,Introductory text revised; (b)(2) and (3) redesignated as (b)(3) and (4); new (b)(2) added,9419,83,2018
201,Authority citation revised,512,84,2019
201.51,(a) and (b) revised,"512, 39724, 52753, 59924",84,2019
204.4,(f) revised,64706,84,2019
204.10,(b)(5) revised,"513, 20542, 39725, 52754, 59926",84,2019
206.2,(g) revised,61796,84,2019
206.5,(a)(4) added,61796,84,2019
208,Authority citation revised,"29051, 61796",84,2019
208.2,(d) revised,4240,84,2019
208.2,Regulation at 84 FR 4240 eff. date delayed to 7-1-19,11879,84,2019
208.2,(d)(3) added,61796,84,2019
208.25,"(b)(7) through (11) revised; (b)(12), (13), (14), and (c)(3) added",4970,84,2019
208.43,(a) and (b) revised,61796,84,2019
208.43,"Correction: (a), (b) introductory text, and (1) revised",70887,84,2019
208.101-208.105 (Subpart I),Removed,21692,84,2019
208.120-208.124 (Subpart K),Added,29051,84,2019
209,Nomenclature change; eff. 1-15-2020,68326,84,2019
211,Nomenclature change,61797,84,2019
211.2,(c)(1) revised,4241,84,2019
211.2,Regulation at 84 FR 4241 eff. date delayed to 7-1-19,11879,84,2019
211.2,"(b), (c), and (x) revised",61797,84,2019
211.9,(a) footnote 5 redesignated as (a) footnote 1,61797,84,2019
211.24,(k) removed,21692,84,2019
211.43,(c)(4) revised,4241,84,2019
211.43,Regulation at 84 FR 4241 eff. date delayed to 7-1-19,11879,84,2019
212.3,(c) amended,54471,84,2019
213,Supplement I amended,58018,84,2019
215.2,(i) revised,4241,84,2019
215.2,(i)(3) added,61797,84,2019
215.2,Regulation at 84 FR 4241 eff. date delayed to 7-1-19,11879,84,2019
217,Authority citation revised,61797,84,2019
217.1,(f)(5) added,59269,84,2019
217.2,Amended,"4241, 35259, 59270",84,2019
217.2,Regulation at 84 FR 4241 eff. date delayed to 7-1-19,11879,84,2019
217.2,Amended; eff. 4-1-20,68032,84,2019
217.10,(c)(3)(ii)(A) amended,4242,84,2019
217.10,Regulation at 84 FR 4242 eff. date delayed to 7-1-19,11879,84,2019
217.10,(c)(4)(ii)(H) revised,35259,84,2019
217.10,"(a)(5), (c) introductory text, and (4)(i) introductory text revised",59271,84,2019
217.10,(a) revised,61797,84,2019
217.11,"(a)(2)(i), (iv), (3)(i), and Table 1 revised",35259,84,2019
217.11,(b)(1) introductory text and (ii) revised,59271,84,2019
217.12,Added,61797,84,2019
217.20,(d)(3) amended,4242,84,2019
217.20,Regulation at 84 FR 4242 eff. date delayed to 7-1-19,11879,84,2019
217.20,"(b)(1)(iii), (4), (c)(2), (d)(2), and (5) revised; (f) added",35260,84,2019
217.21,Revised; eff. 4-1-20,35260,84,2019
217.21,Regulation at 84 FR 35260 eff. date revised as 1-1-20,61804,84,2019
217.22,(c) footnote 23 amended,4242,84,2019
217.22,Regulation at 84 FR 4242 eff. date delayed to 7-1-19,11879,84,2019
217.22,"(a)(1)(i), (c), (d), (g), and (h) revised; eff. 4-1-20",35261,84,2019
217.22,(b)(2)(ii) revised,59271,84,2019
217.22,(f) revised,61798,84,2019
217.22,Regulation at 84 FR 35261 eff. date revised as 1-1-20,61804,84,2019
217.32,"(b), (d)(2), (3)(ii), (k), and (l) revised",35264,84,2019
217.34,(c) revised,35265,84,2019
217.35,"(b)(3)(ii), (4)(ii), (c)(3)(ii), and (4)(ii) revised",35266,84,2019
217.36,(c) revised,35266,84,2019
217.37,(b)(2)(i) revised,35266,84,2019
217.38,(e)(2) revised,35266,84,2019
217.42,(j)(2)(ii)(A) revised,35266,84,2019
217.52,(b)(1) and (4) revised,35266,84,2019
217.61,Revised,35267,84,2019
217.63,Table 5 amended,4242,84,2019
217.63,Regulation at 84 FR 4242 eff. date delayed to 7-1-19,11879,84,2019
217.63,Table 3 and Table 8 revised,35267,84,2019
217.63,(d) and (e) added,59271,84,2019
217.100,(b)(1) revised,59271,84,2019
217.100,(b)(2) removed; (b)(3) redesignated as new (b)(2),59271,84,2019
217.124,(a) and (b)(2) amended,4242,84,2019
217.124,Regulation at 84 FR 4242 eff. date delayed to 7-1-19,11879,84,2019
217.131,(d)(2) revised,35268,84,2019
217.133,(b)(3)(ii) and (c)(3)(ii) revised,35269,84,2019
217.152,(b)(5) and (6) revised,35269,84,2019
217.172,(d)(2) revised,59271,84,2019
217.173,"Table 2, Table 3, and Table 5 amended",4242,84,2019
217.173,Regulation at 84 FR 4242 eff. date delayed to 7-1-19,11879,84,2019
217.173,Heading and (a)(2) revised,59272,84,2019
217.202,(b) amended,35269,84,2019
217.210,(b)(2)(ii) and (vii)(A) revised,35269,84,2019
217.300,(c)(2) and (3) revised; (b) and (d) removed; eff. in part 4-1-20,35269,84,2019
217.300,(g) added,61807,84,2019
217.300,Regulation at 84 FR 35269 eff. date revised as 1-1-20,61804,84,2019
217.301,Added,4243,84,2019
217.301,Regulation at 84 FR 4243 eff. date delayed to 7-1-19,11879,84,2019
217.400,"(b)(1), (2) introductory text, and (i) revised; (b)(3) removed",59075,84,2019
223.3,(d) revised,4244,84,2019
223.3,Regulation at 84 FR 4244 eff. date delayed to 7-1-19,11879,84,2019
223.3,(d)(4) added,61798,84,2019
225.2,(h) revised; (r)(1) footnote 2 redesignated as (r)(1) footnote 1; (r)(4) added,61799,84,2019
225.8,(f)(2)(ii)(B) revised,8958,84,2019
225.8,"(b)(1)(i), (2), (3), and (c) revised",59075,84,2019
225.14,"(a)(1)(ii) footnote 3 redesignated as (a)(1)(ii) footnote 1; (a)(1)(v)(A), (vii), (c)(6)(i)(A), and (B) revised; (c)(6)(iii) and (f) added",61799,84,2019
225.14,"Correction: (a)(1)(ii) footnote 3 redesignated as (a)(1)(ii) footnote 1; (a)(1)(v), (vii), (c)(6)(i)(A), and (B) revised; (c)(6)(iii) and (f) added",70887,84,2019
225.22,(d)(8)(vi) added,61800,84,2019
225.23,(a)(1) footnote 2 redesignated as (a)(1) footnote 1; (a)(1)(iii) and (c)(5)(i) revised; (c)(5)(iii) and (e) added,61800,84,2019
225.24,(a)(2)(iv)(B) and (vi) revised,61801,84,2019
225.62,(f) revised; (k) through (n) redesignated as (l) through (o); new (k) added,53597,84,2019
225.63,(a)(1) and (d)(3) revised; (a)(13) and (14) amended; (a)(15) added,53597,84,2019
225.63,(b) revised,53598,84,2019
225.64,"Introductory text revised; (c), (d), and (e) redesignated as (d), (e), and (f); new (c) added",53598,84,2019
225.87,(b)(4)(iv) added,61801,84,2019
225.127,"(a), (d), and section amended; (h) revised",4244,84,2019
225.127,Regulation at 84 FR 4244 eff. date delayed to 7-1-19,11879,84,2019
225.174,(d) added,61801,84,2019
225.175,(c)(3) added,61801,84,2019
226,Supplement I amended,"58015, 58022",84,2019
228.12,(u)(1) revised,71740,84,2019
229.1,(a) revised; eff. 7-1-20,31695,84,2019
229.2,"(c), (ff), and (jj) revised",31696,84,2019
229.10,(c)(1)(vii)(A) amended; eff. 7-1-20,31696,84,2019
229.11,Added; eff. 7-1-20,31696,84,2019
229.12,(d) amended; eff. 7-1-20,"31696, 45403",84,2019
229.12,(e) introductory text and (1) revised,31696,84,2019
229.13,"(a)(1)(ii), (b), and (d)(2) amended; eff. 7-1-20",45403,84,2019
229.21,(a)(2)(i) amended; eff. 7-1-20,31697,84,2019
229.21,Amended; eff. 7-1-20,45403,84,2019
229.43,Removed,31697,84,2019
229,Appendix E amended; eff. 7-1-20,31697,84,2019
237.1,(h) added; interim,9948,84,2019
238,Authority citation revised,"54472, 59076",84,2019
238.2,(v) through (ss) added,59076,84,2019
238.10,Added,59077,84,2019
238.53,(c)(2)(iii)(B) and (v) revised,61801,84,2019
238.54,Amended,4309,84,2019
238.93,(c) amended,54472,84,2019
238.118-238.119 (Subpart M),Added,59077,84,2019
238.120-238.123 (Subpart N),Added,59078,84,2019
238.130-238.135 (Subpart O),Added,59083,84,2019
238.140-238.146 (Subpart P),Added,59085,84,2019
238.150-238.158 (Subpart Q),Added,59087,84,2019
238.160-238.162 (Subpart R),Added,59095,84,2019
242.1,(b)(2)(ii)(B) revised,59096,84,2019
242.4,Revised,59096,84,2019
243,Heading revised,59227,84,2019
243.1,(a) amended,59227,84,2019
243.13,Added,59227,84,2019
248,Heading revised,35020,84,2019
248.1,(c) revised,35020,84,2019
248.2,(r) revised,35020,84,2019
248.2,Revised,62129,84,2019
248.3,"(e)(5) through (13) redesignated as (e)(6) through (14); (d)(10) through (13) and new (e)(5) added; (b), (d)(3), (8), (9), new (e)(11), new (12), and new (14) revised",62131,84,2019
248.4,Revised,62132,84,2019
248.5,(b) and (c)(1) introductory text revised; (c)(4) added,62134,84,2019
248.6,(e)(3) revised; (e)(4) and (6) removed; (e)(5) redesignated as new (e)(4),62135,84,2019
248.10,(d)(9)(iii) revised,35020,84,2019
248.10,(c)(7)(ii) and (8)(i)(A) revised,62136,84,2019
248.11,(a)(6) revised,35020,84,2019
248.11,(c) revised,62136,84,2019
248.11,Regulation at 84 FR 35020 corrected,38115,84,2019
248.12,Second (e)(2)(vi) redesignated as (e)(2)(vii),62136,84,2019
248.13,"(a), (b)(3), (4), and (c) revised",62136,84,2019
248.14,(a)(2)(ii)(B) revised,62137,84,2019
248.20,"(a), (b) introductory text, (c), (d), (e) introductory text, and (f)(2) revised; (g), (h), and (i) added",62137,84,2019
248,Appendix A revised,62138,84,2019
248,Appendix B removed,62140,84,2019
248,Appendix Z added (temporary),62140,84,2019
249,Authority citation revised,59272,84,2019
249.1,Revised,59272,84,2019
249.3,Regulation at 83 FR 44455 confirmed,25978,84,2019
249.3,Amended,59272,84,2019
249.10,(a) revised; (b) redesignated as (c); new (b) added,59275,84,2019
249.20,Regulation at 83 FR 44455 confirmed,25978,84,2019
249.21,Regulation at 83 FR 44455 confirmed,25978,84,2019
249.22,Regulation at 83 FR 44455 confirmed,25978,84,2019
249.30,(a) revised; (c) and (d) added,59275,84,2019
249.50,Revised,59275,84,2019
249.60--249.64 (Subpart G),Removed,59276,84,2019
249.90,(a) and (b) revised,59276,84,2019
249.91,(a) Table 1 and (b)(1)(i)(B) amended; (b)(1)(ii) removed; (b)(1)(iii) redesignated as new (b)(1)(ii); (c)(32) and (33) revised; (c)(34) and (35) added,59276,84,2019
251.3,(c)(2) revised; (c)(3) added,61802,84,2019
252,Authority citation revised,59096,84,2019
252.1,Revised,59096,84,2019
252.2,Revised,59096,84,2019
252.3,(c) added,59098,84,2019
252.5,Added,59099,84,2019
252.10--252.17 (Subpart B),Heading revised,59099,84,2019
252.11,Revised,59100,84,2019
252.12,(m) revised,4245,84,2019
252.12,Regulation at 84 FR 4245 eff. date delayed to 7-1-19,11879,84,2019
252.12,Revised,59100,84,2019
252.13,Revised,59100,84,2019
252.14,Revised,59100,84,2019
252.15,(a)(1) and (2) revised,4245,84,2019
252.15,Regulation at 84 FR 4245 eff. date delayed to 7-1-19,11879,84,2019
252.15,(a) introductory text and (b) revised; (c) removed,59101,84,2019
252.16,(b)(3) revised,4245,84,2019
252.16,Regulation at 84 FR 4245 eff. date delayed to 7-1-19,11879,84,2019
252.16,(a) and (b) revised,59101,84,2019
252.17,"(b)(1)(iii)(C), (3)(iii)(C), and (c)(1) revised",4245,84,2019
252.17,Regulation at 84 FR 4245 eff. date delayed to 7-1-19,11879,84,2019
252.17,(a) and (b) revised,59102,84,2019
252.20--252.22 (Subpart C),Heading revised,59102,84,2019
252.21,Revised,59102,84,2019
252.22,Revised,59102,84,2019
252.30--252.35 (Subpart D),Heading revised,59103,84,2019
252.30,Revised,59103,84,2019
252.31,Revised,59103,84,2019
252.32,Revised,59103,84,2019
252.33,(a)(1) and (b)(1) revised,59103,84,2019
252.34,"(a)(1) introductory text, (c)(1)(i), (d), (e)(1), (f)(1), (2)(i), (g), and (h) revised",59103,84,2019
252.35,"(a)(1) introductory text, (2), (7)(i), (ii), (b)(1), and (3) revised; (a)(8) added",59105,84,2019
252.40--252.47 (Subpart E),Heading revised,59105,84,2019
252.41,Revised,59105,84,2019
252.42,(l) revised,4245,84,2019
252.42,Regulation at 84 FR 4245 eff. date delayed to 7-1-19,11879,84,2019
252.42,Revised,59106,84,2019
252.43,(a) revised,59106,84,2019
252.44,"Heading, (a)(1), and (b) revised; (c) added",59106,84,2019
252.45,(b)(2) revised,4245,84,2019
252.45,Regulation at 84 FR 4245 eff. date delayed to 7-1-19,11879,84,2019
252.50--252.58 (Subpart F),Heading revised,59107,84,2019
252.51,Revised,59107,84,2019
252.52,(m) revised,4246,84,2019
252.52,Regulation at 84 FR 4246 eff. date delayed to 7-1-19,11879,84,2019
252.52,Revised,59107,84,2019
252.53,Revised,59107,84,2019
252.54,"Heading, (a), (b)(2)(i), (4)(ii), and (iii) revised",59108,84,2019
252.55,Removed,59108,84,2019
252.56,(a)(1) and (2) revised,4246,84,2019
252.56,Regulation at 84 FR 4246 eff. date delayed to 7-1-19,11879,84,2019
252.56,"(a) introductory text, (b) introductory text, (c)(1), and (2) revised",59109,84,2019
252.57,(a) revised,59109,84,2019
252.58,"(b)(2), (3)(ii), and (c)(1)(ii) revised",4246,84,2019
252.58,Regulation at 84 FR 4246 eff. date delayed to 7-1-19,11879,84,2019
252.58,(a)(1) revised,59109,84,2019
252.70,(a) and (d)(1) revised,59109,84,2019
252.120--252.122 (Subpart L),Removed,59109,84,2019
252.130--252.132 (Subpart M),Heading revised,59109,84,2019
252.131,Revised,59109,84,2019
252.132,"Heading, (a) introductory text, and (d) revised",59109,84,2019
252.140--252.147 (Subpart N),Heading revised,59109,84,2019
252.140,Revised,59110,84,2019
252.142,Revised,59110,84,2019
252.143,"Heading, (a)(1) introductory text, (b), and (c) revised",59110,84,2019
252.144,Revised,59110,84,2019
252.145,Heading and (a) revised,59111,84,2019
252.146,"Heading, (b)(1) introductory text, (2)(i), (c)(1)(ii), and (iii) revised",59112,84,2019
252.147,Added,59112,84,2019
252.150--252.158 (Subpart O),Heading revised,59114,84,2019
252.150,Revised,59114,84,2019
252.152,Revised,59114,84,2019
252.153,"Heading, (a)(1), (3), (c), (d), and (e) revised; (a)(2) heading added",59114,84,2019
252.154,"Heading, (a)(1), (b), and (c) revised",59116,84,2019
252.155,"Heading, (a)(1), (3), and (b)(1) revised",59116,84,2019
252.156,"Heading, (a)(1) introductory text, (b)(1), (2), (3)(i), (4), (5), (6), (c)(1), (2)(ii), (d)(1), (e)(1), (2)(i)(A), (C), (ii)(A), (f), and (g) revised",59116,84,2019
252.157,"Heading, (a)(1)(i) through (iv), (2), (7)(i), (ii), (iii), (b), (c)(1), and (7)(i) through (iv) revised; (a)(8) and (c)(7)(v) added",59118,84,2019
252.158,"Heading, (b)(1) introductory text, (2)(i), (c)(1) introductory text, and (2) introductory text revised",59119,84,2019
252.170,Revised,59119,84,2019
252.171,(f)(1) revised; (aa) removed; (bb) through (ll) redesignated as new (aa) through (kk),59120,84,2019
252.172,"(a), (b), (c) introductory text, and (2) revised; (c)(1) removed",59120,84,2019
252.173,(b)(1) and (2) revised; (b)(3) added,59120,84,2019
252.175,(a)(1) revised,59121,84,2019
252.176,(a)(1) and (2)(i) revised,59121,84,2019
252.178,"(a)(1), (2), and (c)(2) revised",59121,84,2019
252,Appendix A revised,"6655, 59121",84,2019
252,Appendix B added,6668,84,2019
263.65,Revised,2052,84,2019
265,Amended,31705,84,2019
265.5,(d)(1) and (3) removed,31705,84,2019
265.7,"Heading, (d)(1), and (3) revised; (d)(4), (5), (7), and (9) through (13) removed; (e)(7) added",31705,84,2019
265.11,"(a)(10), (c) heading, (11)(v), (d)(1) through (8), (10), (11), (12), and (e)(12) revised; (a)(17), (c)(12), (d)(13), (14), and (15) added",31705,84,2019
267,Added,15503,84,2019
268.1,(b) revised,27028,84,2019
268.101,Revised,27029,84,2019
268.102,"(a)(4), (b)(3), and (4) revised; (b)(1), (5), and (6) amended",27029,84,2019
268.103,(a) revised,27029,84,2019
268.104,(a) introductory text and (d) revised,27029,84,2019
268.106,(a)(4) removed; (a)(5) revised,27029,84,2019
268.107,(e)(2) amended; (g) redesignated as (h); new (g) added,27029,84,2019
268.108,(g) heading revised,27030,84,2019
268.201,(a) and (c) introductory text revised,27030,84,2019
268.203,Revised,27030,84,2019
268.204,"(i), (j), and (k) revised; (l)(3) amended",27034,84,2019
268.205,Removed,27034,84,2019
268.302,Removed,27034,84,2019
268.401,(c) revised,27034,84,2019
268.403,(a) revised; (g) added,27034,84,2019
268.405,Revised,27034,84,2019
268.502,(b)(2) and (c) revised,27034,84,2019
268.504,(c) revised,27035,84,2019
268.710,(c) and (d)(4) revised; section amended,27035,84,2019
201.51,(a) and (b) revised,"13724, 16524",85,2020
204.2,"(c)(1)(ii), (c)(1)(iii) and (iv) removed, redesigned as new, revised; interim",23447,85,2020
204.4,(f) revised; interim,16526,85,2020
204.4,(f) revised; eff. 1-11-21,79823,85,2020
204.10,(b)(5) revised,"7856, 13725, 16528",85,2020
208.36,(b)(3) added; interim,77360,85,2020
208.43,(b)(2)(iv)(B) and (3)(iv)(B) revised; interim,32989,85,2020
208.64,(d) added; interim,77360,85,2020
208.121,Amended; interim,77360,85,2020
209,Nomenclature change; eff. 1-11-21,79390,85,2020
211.26,(c)(2)(iii) added; interim,77360,85,2020
212.2,(o)(3) added; interim,77361,85,2020
213,Supplement I amended,79392,85,2020
215,Authority citation revised,22349,85,2020
215.3,(b)(6) and (7) amended; (b)(8) added; interim,22349,85,2020
215.3,(b)(8) introductory text and (ii) revised; interim,43121,85,2020
217,Authority citation revised,"20393, 22929, 22938",85,2020
217,Notification,17721,85,2020
217,Policy statement,64003,85,2020
217.2,Amended,"4414, 4578",85,2020
217.2,Amended; interim,20393,85,2020
217.2,Regulation at 85 FR 20393 eff. date confirmed,68243,85,2020
217.10,"(c)(4)(ii)(A), (B), and (C) revised",4416,85,2020
217.10,(c)(4)(ii) introductory text revised; (c)(4)(ii)(J) added,4578,85,2020
217.10,"(c)(4)(ii)(A), (B)(1), introductory text, (i), (2)(i), and (H) amended; (c)(4)(ii)(B)(2)(i) and (ii) revised",57961,85,2020
217.11,Revised,15596,85,2020
217.11,(a)(2)(i) revised; interim,15916,85,2020
217.11,Regulation at 85 FR 15916 confirmed,63428,85,2020
217.12,(a)(4) added; interim,77361,85,2020
217.32,(f) revised,4417,85,2020
217.32,(a)(1)(iii) added; interim,20393,85,2020
217.32,(f)(1) revised,57961,85,2020
217.32,Regulation at 85 FR 20393 eff. date confirmed,68243,85,2020
217.34,Revised,4417,85,2020
217.35,(a)(3) and (c)(3)(iii) added; (b)(4)(i) revised,4419,85,2020
217.37,"(c)(3)(iii), (iv)(A), (C), (c)(4)(i)(B) introductory text, and (1) revised",4419,85,2020
217.37,(c)(2)(i)(B) amended,57961,85,2020
217.131,(e)(3)(viii) added; interim,20393,85,2020
217.131,Regulation at 85 FR 20393 eff. date confirmed,68243,85,2020
217.132,"(b)(2)(ii)(A)(3), (4), (5), (c) heading, (1), (2), (5) through (8), (d)(10)(i), and (e)(6)(viii) revised; (b)(2)(ii)(A)(6), (7), and (c)(9) through (11) added; (e)(5)(i)(A), (C), (H), and (6)(i)(B) amended; (e)(5)(ii) Table 3 redesignated as Table 4",4419,85,2020
217.132,"(c)(8)(iii), (iv), and (9)(i) amended; (c)(9)(ii)(A)(1) and (iv)(A)(3) revised",57961,85,2020
217.133,"(a), (b)(1), (2), (3), (4)(i), (c)(1), (2), (3), (4)(i), and (d) revised",4426,85,2020
217.133,"(d)(4), (5), (6) introductory text, and (i) through (iii) revised",57962,85,2020
217.134,(d)(3) amended,4419,85,2020
217.173,Table 13 amended,4428,85,2020
217.202,(1) introductory text and (i) amended,4419,85,2020
217.210,(e)(1) amended,4419,85,2020
217.300,(g) and (h) added,4429,85,2020
217.301,Revised; interim,17733,85,2020
217.301,"Correction: (b)(1), (c)(2) introductory text, (d) introductory text, (2)(i) introductory text, and (ii) introductory text amended",29842,85,2020
217.301,Revised,61589,85,2020
217.302,Added; interim,16236,85,2020
217.302,Regulation at 85 FR 16236 eff. date confirmed,68243,85,2020
217.303,Added; interim,20586,85,2020
217.303,Revised; interim,32989,85,2020
217.304,Added,22929,85,2020
217.304,(d) added,22938,85,2020
217.305,Added; interim,20393,85,2020
217.305,Regulation at 85 FR 20393 eff. date confirmed,68243,85,2020
225.2,(e) introductory text and (1) amended; (e)(2) and (q)(2) revised; (u) added,12421,85,2020
225.2,Regulation at 58 FR 12421 eff. date delayed to 9-30-20,18427,85,2020
225.8,Revised,15599,85,2020
225.9,Added,12421,85,2020
225.9,Regulation at 58 FR 12421 eff. date delayed to 9-30-20,18427,85,2020
225.10,Added; interim,77361,85,2020
225.31--225.34 (Subpart D),Revised,12422,85,2020
225.31--225.34 (Subpart D),Regulation at 58 FR 12422 eff. date delayed to 9-30-20,18427,85,2020
225.63,(f) added; interim (temporary),21317,85,2020
225.63,(f) revised (temporary),65671,85,2020
226,Supplement I amended,"79387, 79395",85,2020
228.12,(u)(1) revised,83748,85,2020
235,Heading revised; interim,77362,85,2020
235.5,(a)(4) added; interim,77362,85,2020
237,Heading revised; interim,39469,85,2020
237,Heading revised,39773,85,2020
237.1,(e)(6) and (7) revised; interim,39469,85,2020
237.1,"(e)(6), (7), and (h) introductory text revised; (h)(1), (3), and (5) added",39773,85,2020
237.9,(h) added,39774,85,2020
237.10,(a) revised,39774,85,2020
237.11,Revised,39774,85,2020
238.2,"(e), (r)(2), and (tt) revised",12426,85,2020
238.2,Regulation at 58 FR 12426 eff. date delayed to 9-30-20,18427,85,2020
238.2,Correction: (tt) added,14772,85,2020
238.5,(b) revised; interim,77362,85,2020
238.8,Heading revised; (b) and (c) added,12426,85,2020
238.8,Regulation at 58 FR 12426 eff. date delayed to 9-30-20,18427,85,2020
238.9,Revised,12426,85,2020
238.9,Regulation at 58 FR 12426 eff. date delayed to 9-30-20,18427,85,2020
238.21--238.23 (Subpart C),Revised,12427,85,2020
238.21--238.23 (Subpart C),Regulation at 58 FR 12426 eff. date delayed to 9-30-20,18427,85,2020
238.53,(c)(3) added; interim,77363,85,2020
238.92,(p)(3) added; interim,77363,85,2020
246,Authority citation revised,78953,85,2020
246.1,(a) through (c) revised; eff. 1-7-21,78953,85,2020
246.2,(n) through (p) added; eff. 1-7-21,78953,85,2020
246.3,Revised; eff. 1-7-21,78953,85,2020
248.6,(f) added,46503,85,2020
248.10,"(c)(1), (3)(i), (8), (10) heading, (i), (11), and (d)(6) revised; (c)(15) through (18) and (d)(11) added",46503,85,2020
248.12,"(b)(1)(ii), (4), (c)(1), (d), and (e) revised; (b)(5) added",46507,85,2020
248.13,(d) added,46508,85,2020
248.14,"(a)(2)(i), (ii)(C), and (c) revised; (a)(2)(iii) through (v) and (3) added",46509,85,2020
248.20,"(a), (d) heading, (1), and (e) introductory text revised",46509,85,2020
248.20,Correction: instruction amended,60355,85,2020
249.3,Footnotes 1 and 2 redesignated as footnotes 2 and 3; section amended; interim,26841,85,2020
249.3,Regulation at 85 FR 26841 eff. date confirmed,68243,85,2020
249.34,Added; interim,26841,85,2020
249.34,Regulation at 85 FR 26841 eff. date confirmed,68243,85,2020
252,Authority citation revised,17006,85,2020
252.16,(b)(1) through (3) added,15604,85,2020
252.44,(c) redesignated as (d); new (c) added,15604,85,2020
252.54,(b)(2) revised,15605,85,2020
252.56,(b) revised,15605,85,2020
252.63,(c)(2)(i) revised; interim,17006,85,2020
252.63,Regulation at 85 FR 17006 confirmed,63428,85,2020
252.165,(d)(2)(i) revised; interim,17006,85,2020
252.165,Regulation at 85 FR 17006 confirmed,63428,85,2020
252.170,(c)(1) revised,31952,85,2020
252,Appendix B amended,15605,85,2020
261,Revised,57627,85,2020
261a.12,(b)(11) redesignated as (b)(12); new (b)(11) added,73604,85,2020
263.65,Revised,2007,85,2020
204.2,(aa) Revised,29938,86,2021
204.4,Regulation at 85 FR 16525 Confirmed,8853,86,2021
204.4,(f) Revised; Effective 1-7-22,69578,86,2021
204.10,"(b) introductory text, (1) through (3), and (d)(1) through (4) Revised",29938,86,2021
204.10,(b)(5) Revised,38906,86,2021
204.10,"(b)(1); (b)(4), (5), and (d)(5) removed; (d)(6) redesignated as new (d)(5) Revised",50214,86,2021
209,Amended; Effective 1-7-22,69579,86,2021
213,Supplement I amended,67849,86,2021
215,Authority citation revised,9839,86,2021
215.3,(b)(8)(i) through (iii) Revised; Interim,9839,86,2021
215.3,(b)(8)(i) through (iii); (b)(8)(iv) Revised; Added,27509,86,2021
217.2,Amended,731,86,2021
217.10,(c); (d) redesignated as (e); new (d) Revised; Added,732,86,2021
217.11,(a)(2)(i) Revised Correction,3762,86,2021
217.11,"(a)(2)(iii), (vi), (3)(i) introductory text, (4), (c) heading, (1)(i), (ii), (iii) introductory text, (iv) introductory text, (v) introductory text, (vi) introductory text, and (2); second (c)(1)(v) redesignated as (c)(1)(vii) Revised",7938,86,2021
217.11,Instruction amended correction,9261,86,2021
217.20,(c)(3) and (d)(4) redesignated as (c)(3)(i) and (d)(4)(i); (c)(3)(ii) and (d)(4)(ii) Added; Interim,15080,86,2021
217.22,"(c), (f), and (h) Revised",735,86,2021
217.121,(c) Amended,738,86,2021
217.132,(c)(7)(iii) and (iv) Amended,738,86,2021
217.303,(a) and (e) Amended,738,86,2021
225.8,"(c)(1), (2), (d)(3) through (21), (e)(2)(i)(A), (4)(i)(B)(3), (ii), (iii), (f)(1), (h)(2) through (5), and (i) through (k); (d)(22), (e)(4)(i)(B)(4), (iv), and (l) removed; (f)(4) Revised; Added",7940,86,2021
225.300--225.303 (Subpart N),Added; Effective 4-1-22,66442,86,2021
226,Supplement I amended,"67846, 67853",86,2021
228.12,(u)(1) Revised Correction,13805,86,2021
228.12,(u)(1) Revised,71815,86,2021
231.2,(c) through (f) redesignated as (d) through (g); new (c) Revised; Added,11622,86,2021
231.3,(a); (b) and (c) redesignated as (c) and (d); new (b) and (e) Revised; Added,11622,86,2021
238.132,(a)(4) and (d); (c)(2) Revised; Added,7943,86,2021
238.144,"(a)(2), (b)(1), and (2); (b)(3) and (4) Revised; Added",7943,86,2021
238.146,(a)(1) Revised,7943,86,2021
238.170 (Subpart S),Added,7943,86,2021
249,Heading revised,9210,86,2021
249.1,Revised,9210,86,2021
249.2,(b); (c) Revised; Added,9211,86,2021
249.3,Amended,9211,86,2021
249.22,(b)(1) Revised,9212,86,2021
249.30,(b)(3) Revised,9212,86,2021
249.31,"(a)(1) introductory text, (2) introductory text, and (4) Revised",9212,86,2021
249.32,Nomenclature change,9212,86,2021
249.100--249.109 (Subpart K),Added; Nomenclature change,9212,86,2021
249.110 (Subpart L),Added; Nomenclature change,9212,86,2021
249.120 (Subpart M),Added,9213,86,2021
249.130 (Subpart N),Added,9213,86,2021
252.44,(a)(3) and (d) Revised,7949,86,2021
252.54,(b)(2)(i)(B) Revised,7949,86,2021
252.54,(b)(2)(i) introductory text Revised,22844,86,2021
252.56,(a)(2) Revised,7949,86,2021
252.58,(a)(1) Revised,7949,86,2021
252.61,Amended,738,86,2021
252.63,(c)(3)(i)(C) and (5)(iii)(A)(2) Revised,738,86,2021
252.160,(b)(2) Revised,738,86,2021
252.162,(b)(1) Revised,738,86,2021
252.165,(d)(3)(i)(C) Revised,739,86,2021
252,Appendix B Amended,7949,86,2021
262,Authority citation revised,18179,86,2021
262.7,Added,18179,86,2021
262,Appendix A Added,18179,86,2021
263.65,Revised,2528,86,2021
271,Revised,18426,86,2021
272,Nomenclature change,11623,86,2021
201.51,(a) and (b) revised,"22812, 29650, 38646, 48442, 60869, 68888",87,2022
204.4,(f) revised; eff. 1-3-23,73634,87,2022
204.10,(b)(1) revised,"22813, 29651, 38647, 48443, 60870, 68889",87,2022
208,Guidance,32826,87,2022
208,Technical correction,36213,87,2022
209,Heading revised,2030,87,2022
209,Amended; eff. 1-3-23,73635,87,2022
209.1,(c) and (d)(3) revised,2030,87,2022
209.3,"(d)(1) through (3) redesignated as (d)(2),(3), and (5); new (d)(1) and (4) added;heading, (a), (c), (d) heading, and new (5) revised","2030",2022,87
209.4,"(a), (b), (c)(1) introductory text, and (d)(1) introductory text revised; (c)(2) and (3) redesignated as (c)(3) and (4); new (c)(2) added","2030",2022,87
210,Heading revised,34357,87,2022
210.2,Revised,34357,87,2022
210.25--210.32 (Subpart B),Heading and subpart revised,34358,87,2022
210.25,(b)(2) and (c) revised,34358,87,2022
210.26,Revised,34358,87,2022
210.28,(b)(1) through (3) revised,34359,87,2022
210.30,(b) and (c) revised,34359,87,2022
210.32,Heading and (b) revised,34359,87,2022
210.25--210.32 (Subpart B),Appendix B amended,"34359, 34362",87,2022
210.40--210.47 (Subpart C),Added,34362,87,2022
210,Appendix A added,34369,87,2022
213,Supplement I amended,63668,87,2022
226,Supplement I amended,"63665, 63672",87,2022
228.12,(u)(1) revised; eff. 1-1-23,78831,87,2022
235.7,(a)(2) revised; eff. 7-1-23,61230,87,2022
235,Appendix A amended; eff. 7-1-23,61231,87,2022
263.65,Revised,2313,87,2022
265,Revised,54003,87,2022
201.51,Revised,2195,88,2023
201.51,"(a) and (b) revised","8220, 18380, 30216, 50761",88,2023
204.2,(f)(1)(iv)(E) Revised,45058,88,2023
204.4,(f) Revised,83317,88,2023
204.10,(b)(1) Revised,"2196, 8221, 18381, 30217, 50762",88,2023
204.125,Heading and introductory text revised,45058,88,2023
208,Policy statement,25479,88,2023
208.112,Added,7851,88,2023
209,Nomenclature change,83318,88,2023
213,Supplement I amended; eff. 2-2-24,83320,88,2023
217.1 (c)(1),Revised; (g) added; eff. 1-1-24,82967,88,2023
217.2,Amended; eff. 1-1-24,82968,88,2023
217.10,(f) Added; eff. 1-1-24,82969,88,2023
217.11,(e) Added; eff. 1-1-24,82969,88,2023
217.306,Added; eff. 1-1-24,82969,88,2023
217.601--217.608 (Subpart J),Added; eff. 1-1-24,82969,88,2023
226,Supplement I amended; eff. 1-1-24,"83314, 83324",88,2023
228.12,(u)(1) Revised; eff. 1-1-24,87896,88,2023
238.111--238.117 (Subpart L),Removed; eff. 4-1-24,89909,88,2023
238.142,(a)(1) Introductory text revised; (a)(3) added; eff. 1-1-24,82979,88,2023
252.53,(a)(1) Introductory text revised; (a)(3) added; eff. 1-1-24,82980,88,2023
253,Added,5220,88,2023
263,Authority citation revised; eff. 4-1-24,89909,88,2023
263.1--263.41 (Subpart A),Revised; eff. 4-1-24,89909,88,2023
263.50--263.57 (Subpart B),Revised; eff. 4-1-24,89909,88,2023
263.65,Revised,1497,88,2023
263.450--263.457 (Subpart K),Added; eff. 4-1-24,89921,88,2023
263,Appendix A Added; eff. 4-1-24,89923,88,2023
265.4,Correction: (a)(3)(i) amended,32622,88,2023
265.6,Correction: (d)(1) amended,80109,88,2023
265.7,"Correction: (d)(7)(ii)(E)(1), (j)(3)(i), (k)(3)(ii)(A), (iii)(A), (B), and (5)(iii)(M) amended; (e)(9) and (r) added",32622,88,2023
265.7,"Correction: (c)(7)(iii), (iv), (d)(7)(ii)(B)(3), (e)(5), (j)(1)(viii), (k)(1)(ii)(E), (F), and (7)(i) amended; (c)(7)(v), (k)(1)(ii)(G), (H), and (8) added",80109,88,2023
265.8,Correction: (c)(2) and (3) amended,80109,88,2023
265.10,Correction: (b) revised,32622,88,2023
265.10,Correction: (b) redesignated as (c); new (b) added,80109,88,2023
265.11,Correction: (a)(1) amended,32622,88,2023
265.13,Correction: (b)(1)(i) amended,32622,88,2023
265.20,"Correction: (a)(6)(i), (c)(6)(iv)(E), (14)(xvi), (l)(1)(i)(A), and (B) amended",32622,88,2023
